PlayerName,Player01
VisualCondition,Base
LoadCondition,Low
GrabbedObject,30-22
Timestamp,Frame,PoseType,JointName,PosX,PosY,PosZ,RotX,RotY,RotZ,RotW
0.0113,8109,Real,Wrist,-17.696730,0.984890,20.851010,-0.710882,-0.148345,-0.117154,0.677433
0.0113,8109,Real,Thumb_CMC,-17.666260,1.017429,20.866930,-0.196669,-0.354865,0.357857,0.841029
0.0113,8109,Real,Thumb_MCP,-17.644660,1.049990,20.886950,-0.153453,-0.375580,0.256192,0.877358
0.0113,8109,Real,Thumb_IP,-17.615900,1.077683,20.915410,-0.070695,-0.399513,0.065173,0.911671
0.0113,8109,Real,Thumb_FingerTip,-17.596740,1.082680,20.935910,-0.070695,-0.399513,0.065173,0.911671
0.0113,8109,Real,Index_MCP,-17.597830,1.023189,20.894300,-0.673044,-0.183874,-0.142400,0.702086
0.0113,8109,Real,Index_PIP,-17.556070,1.025416,20.915370,-0.637232,-0.284136,-0.247565,0.672246
0.0113,8109,Real,Index_DIP,-17.537480,1.026176,20.933470,-0.592283,-0.368780,-0.337351,0.631979
0.0113,8109,Real,Index_FingerTip,-17.524020,1.026457,20.956760,-0.592283,-0.368780,-0.337351,0.631979
0.0113,8109,Real,Middle_MCP,-17.595350,0.995875,20.893770,-0.687687,-0.233337,-0.198325,0.658262
0.0113,8109,Real,Middle_PIP,-17.552450,0.999034,20.924400,-0.625370,-0.369150,-0.328857,0.603734
0.0113,8109,Real,Middle_DIP,-17.538280,1.000826,20.948150,-0.546547,-0.478169,-0.434577,0.532714
0.0113,8109,Real,Middle_FingerTip,-17.533610,1.002514,20.976020,-0.546547,-0.478169,-0.434577,0.532714
0.0113,8109,Real,Ring_MCP,-17.599020,0.971600,20.894990,-0.709234,-0.220460,-0.189079,0.642366
0.0113,8109,Real,Ring_PIP,-17.560330,0.974848,20.920660,-0.660169,-0.340283,-0.297766,0.599767
0.0113,8109,Real,Ring_DIP,-17.544760,0.977275,20.941770,-0.598801,-0.439379,-0.387935,0.545794
0.0113,8109,Real,Ring_FingerTip,-17.536690,0.979926,20.966130,-0.598801,-0.439379,-0.387935,0.545794
0.0113,8109,Real,Pinky_MCP,-17.607480,0.950899,20.895640,-0.720778,-0.219526,-0.190244,0.629361
0.0113,8109,Real,Pinky_PIP,-17.574750,0.953931,20.917320,-0.671700,-0.341368,-0.296655,0.586757
0.0113,8109,Real,Pinky_DIP,-17.563910,0.955957,20.931980,-0.610019,-0.442254,-0.384802,0.533118
0.0113,8109,Real,Pinky_FingerTip,-17.557920,0.958434,20.950000,-0.610019,-0.442254,-0.384802,0.533118
0.0113,8109,Virtual,Wrist,-17.690560,0.991716,20.816860,-0.710624,-0.141404,-0.108786,0.680576
0.0113,8109,Virtual,Thumb_CMC,-17.659820,1.024264,20.832230,-0.190618,-0.346452,0.360272,0.844891
0.0113,8109,Virtual,Thumb_MCP,-17.637850,1.056795,20.851900,-0.148437,-0.366511,0.258135,0.881478
0.0113,8109,Virtual,Thumb_IP,-17.608520,1.084443,20.879820,-0.067706,-0.389589,0.066203,0.916108
0.0113,8109,Virtual,Thumb_FingerTip,-17.588930,1.089404,20.899910,-0.067706,-0.389589,0.066203,0.916108
0.0113,8109,Virtual,Index_MCP,-17.590810,1.030074,20.858100,-0.672979,-0.176564,-0.134492,0.705575
0.0113,8109,Virtual,Index_PIP,-17.548600,1.032316,20.878250,-0.638280,-0.276902,-0.240279,0.676898
0.0113,8109,Virtual,Index_DIP,-17.529620,1.033048,20.895940,-0.594313,-0.361758,-0.330772,0.637585
0.0113,8109,Virtual,Index_FingerTip,-17.515640,1.033268,20.918920,-0.594313,-0.361758,-0.330772,0.637585
0.0113,8109,Virtual,Middle_MCP,-17.588280,1.002769,20.857410,-0.688272,-0.226416,-0.190399,0.662395
0.0113,8109,Virtual,Middle_PIP,-17.544720,1.005907,20.887080,-0.627359,-0.362495,-0.321944,0.609402
0.0113,8109,Virtual,Middle_DIP,-17.530030,1.007638,20.910530,-0.549729,-0.471996,-0.428828,0.539560
0.0113,8109,Virtual,Middle_FingerTip,-17.524750,1.009228,20.938290,-0.549729,-0.471996,-0.428828,0.539560
0.0113,8109,Virtual,Ring_MCP,-17.591870,0.978481,20.858620,-0.709761,-0.213760,-0.180907,0.646389
0.0113,8109,Virtual,Ring_PIP,-17.552630,0.981718,20.883420,-0.661852,-0.333776,-0.290416,0.605148
0.0113,8109,Virtual,Ring_DIP,-17.536600,0.984098,20.904190,-0.601481,-0.433215,-0.381518,0.552259
0.0113,8109,Virtual,Ring_FingerTip,-17.528000,0.986671,20.928380,-0.601481,-0.433215,-0.381518,0.552259
0.0113,8109,Virtual,Pinky_MCP,-17.600260,0.957758,20.859360,-0.721344,-0.212981,-0.181957,0.633399
0.0113,8109,Virtual,Pinky_PIP,-17.567070,0.960780,20.880320,-0.673394,-0.335020,-0.289195,0.592173
0.0113,8109,Virtual,Pinky_DIP,-17.555910,0.962774,20.894740,-0.612686,-0.436250,-0.378281,0.539635
0.0113,8109,Virtual,Pinky_FingerTip,-17.549530,0.965194,20.912650,-0.612686,-0.436250,-0.378281,0.539635
0.0113,8109,Render,Wrist,-17.690560,0.991716,20.816860,-0.710624,-0.141404,-0.108786,0.680576
0.0113,8109,Render,Thumb_CMC,-17.659820,1.024264,20.832230,-0.190618,-0.346452,0.360272,0.844891
0.0113,8109,Render,Thumb_MCP,-17.637850,1.056795,20.851900,-0.148437,-0.366511,0.258135,0.881478
0.0113,8109,Render,Thumb_IP,-17.608520,1.084443,20.879820,-0.067706,-0.389589,0.066203,0.916108
0.0113,8109,Render,Thumb_FingerTip,-17.588930,1.089404,20.899910,-0.067706,-0.389589,0.066203,0.916108
0.0113,8109,Render,Index_MCP,-17.590810,1.030074,20.858100,-0.672979,-0.176564,-0.134492,0.705575
0.0113,8109,Render,Index_PIP,-17.548600,1.032316,20.878250,-0.638280,-0.276902,-0.240279,0.676898
0.0113,8109,Render,Index_DIP,-17.529620,1.033048,20.895940,-0.594313,-0.361758,-0.330772,0.637585
0.0113,8109,Render,Index_FingerTip,-17.515640,1.033268,20.918920,-0.594313,-0.361758,-0.330772,0.637585
0.0113,8109,Render,Middle_MCP,-17.588280,1.002769,20.857410,-0.688272,-0.226416,-0.190399,0.662395
0.0113,8109,Render,Middle_PIP,-17.544720,1.005907,20.887080,-0.627359,-0.362495,-0.321944,0.609402
0.0113,8109,Render,Middle_DIP,-17.530030,1.007638,20.910530,-0.549729,-0.471996,-0.428828,0.539560
0.0113,8109,Render,Middle_FingerTip,-17.524750,1.009228,20.938290,-0.549729,-0.471996,-0.428828,0.539560
0.0113,8109,Render,Ring_MCP,-17.591870,0.978481,20.858620,-0.709761,-0.213760,-0.180907,0.646389
0.0113,8109,Render,Ring_PIP,-17.552630,0.981718,20.883420,-0.661852,-0.333776,-0.290416,0.605148
0.0113,8109,Render,Ring_DIP,-17.536600,0.984098,20.904190,-0.601481,-0.433215,-0.381518,0.552259
0.0113,8109,Render,Ring_FingerTip,-17.528000,0.986671,20.928380,-0.601481,-0.433215,-0.381518,0.552259
0.0113,8109,Render,Pinky_MCP,-17.600260,0.957758,20.859360,-0.721344,-0.212981,-0.181957,0.633399
0.0113,8109,Render,Pinky_PIP,-17.567070,0.960780,20.880320,-0.673394,-0.335020,-0.289195,0.592173
0.0113,8109,Render,Pinky_DIP,-17.555910,0.962774,20.894740,-0.612686,-0.436250,-0.378281,0.539635
0.0113,8109,Render,Pinky_FingerTip,-17.549530,0.965194,20.912650,-0.612686,-0.436250,-0.378281,0.539635
0.0258,8110,Real,Wrist,-17.698870,0.984368,20.854170,-0.712816,-0.154499,-0.125832,0.672451
0.0258,8110,Real,Thumb_CMC,-17.668600,1.016902,20.870460,-0.203777,-0.364346,0.354760,0.836584
0.0258,8110,Real,Thumb_MCP,-17.647400,1.049486,20.890880,-0.159424,-0.385820,0.253708,0.872559
0.0258,8110,Real,Thumb_IP,-17.619280,1.077226,20.919930,-0.074426,-0.410772,0.063884,0.906447
0.0258,8110,Real,Thumb_FingerTip,-17.600630,1.082269,20.940880,-0.074426,-0.410772,0.063884,0.906447
0.0258,8110,Real,Index_MCP,-17.600750,1.022578,20.899270,-0.674299,-0.192597,-0.152747,0.696345
0.0258,8110,Real,Index_PIP,-17.559570,1.024780,20.921470,-0.636936,-0.293403,-0.257390,0.664814
0.0258,8110,Real,Index_DIP,-17.541530,1.025598,20.940110,-0.590478,-0.378297,-0.346465,0.623048
0.0258,8110,Real,Index_FingerTip,-17.528790,1.026002,20.963800,-0.590478,-0.378297,-0.346465,0.623048
0.0258,8110,Real,Middle_MCP,-17.598390,0.995250,20.899020,-0.688641,-0.240313,-0.206936,0.652074
0.0258,8110,Real,Middle_PIP,-17.556200,0.998476,20.930620,-0.624784,-0.376327,-0.336165,0.595833
0.0258,8110,Real,Middle_DIP,-17.542600,1.000407,20.954700,-0.544540,-0.485235,-0.440417,0.523504
0.0258,8110,Real,Middle_FingerTip,-17.538600,1.002313,20.982650,-0.544540,-0.485235,-0.440417,0.523504
0.0258,8110,Real,Ring_MCP,-17.602200,0.971004,20.900380,-0.710231,-0.227101,-0.197843,0.636283
0.0258,8110,Real,Ring_PIP,-17.564110,0.974299,20.926900,-0.659885,-0.347210,-0.305532,0.592156
0.0258,8110,Real,Ring_DIP,-17.549030,0.976839,20.948360,-0.597305,-0.446350,-0.394572,0.536946
0.0258,8110,Real,Ring_FingerTip,-17.541550,0.979663,20.972890,-0.597305,-0.446350,-0.394572,0.536946
0.0258,8110,Real,Pinky_MCP,-17.610770,0.950349,20.901010,-0.721704,-0.226012,-0.199096,0.623236
0.0258,8110,Real,Pinky_PIP,-17.578540,0.953422,20.923420,-0.671372,-0.348134,-0.304496,0.579090
0.0258,8110,Real,Pinky_DIP,-17.568040,0.955528,20.938320,-0.608506,-0.449064,-0.391501,0.524204
0.0258,8110,Real,Pinky_FingerTip,-17.562480,0.958135,20.956460,-0.608506,-0.449064,-0.391501,0.524204
0.0258,8110,Virtual,Wrist,-17.695840,0.991688,20.847370,-0.710882,-0.148345,-0.117154,0.677433
0.0258,8110,Virtual,Thumb_CMC,-17.665370,1.024228,20.863290,-0.195462,-0.357247,0.357370,0.840509
0.0258,8110,Virtual,Thumb_MCP,-17.643880,1.056740,20.883520,-0.152003,-0.377791,0.255838,0.876765
0.0258,8110,Virtual,Thumb_IP,-17.615270,1.084367,20.912190,-0.068866,-0.401358,0.065078,0.911007
0.0258,8110,Virtual,Thumb_FingerTip,-17.596190,1.089321,20.932780,-0.068866,-0.401358,0.065078,0.911007
0.0258,8110,Virtual,Index_MCP,-17.596940,1.029987,20.890660,-0.672467,-0.185974,-0.144591,0.701638
0.0258,8110,Virtual,Index_PIP,-17.555310,1.032199,20.911990,-0.636138,-0.286577,-0.250140,0.671292
0.0258,8110,Virtual,Index_DIP,-17.536860,1.032945,20.930230,-0.590627,-0.371426,-0.340176,0.630463
0.0258,8110,Virtual,Index_FingerTip,-17.523610,1.033209,20.953650,-0.590627,-0.371426,-0.340176,0.630463
0.0258,8110,Virtual,Middle_MCP,-17.594460,1.002674,20.890130,-0.687472,-0.233969,-0.198930,0.658079
0.0258,8110,Virtual,Middle_PIP,-17.551610,1.005835,20.920840,-0.624940,-0.369878,-0.329560,0.603350
0.0258,8110,Virtual,Middle_DIP,-17.537500,1.007626,20.944630,-0.545884,-0.478925,-0.435314,0.532112
0.0258,8110,Virtual,Middle_FingerTip,-17.532910,1.009313,20.972500,-0.545884,-0.478925,-0.435314,0.532112
0.0258,8110,Virtual,Ring_MCP,-17.598130,0.978399,20.891360,-0.709060,-0.221019,-0.189585,0.642217
0.0258,8110,Virtual,Ring_PIP,-17.559480,0.981653,20.917080,-0.659790,-0.341017,-0.298433,0.599435
0.0258,8110,Virtual,Ring_DIP,-17.543960,0.984082,20.938220,-0.598183,-0.440219,-0.388701,0.545249
0.0258,8110,Virtual,Ring_FingerTip,-17.535950,0.986734,20.962610,-0.598183,-0.440219,-0.388701,0.545249
0.0258,8110,Virtual,Pinky_MCP,-17.606580,0.957698,20.892000,-0.720605,-0.220094,-0.190740,0.629211
0.0258,8110,Virtual,Pinky_PIP,-17.573890,0.960736,20.913730,-0.671320,-0.342115,-0.297307,0.586427
0.0258,8110,Virtual,Pinky_DIP,-17.563080,0.962766,20.928410,-0.609398,-0.443111,-0.385550,0.532578
0.0258,8110,Virtual,Pinky_FingerTip,-17.557140,0.965245,20.946460,-0.609398,-0.443111,-0.385550,0.532578
0.0258,8110,Render,Wrist,-17.695840,0.991688,20.847370,-0.710882,-0.148345,-0.117154,0.677433
0.0258,8110,Render,Thumb_CMC,-17.665370,1.024228,20.863290,-0.196669,-0.354866,0.357857,0.841030
0.0258,8110,Render,Thumb_MCP,-17.643770,1.056789,20.883310,-0.153453,-0.375580,0.256192,0.877358
0.0258,8110,Render,Thumb_IP,-17.615000,1.084482,20.911770,-0.070695,-0.399513,0.065173,0.911671
0.0258,8110,Render,Thumb_FingerTip,-17.595840,1.089478,20.932270,-0.070695,-0.399513,0.065173,0.911671
0.0258,8110,Render,Index_MCP,-17.596940,1.029987,20.890660,-0.673044,-0.183874,-0.142400,0.702086
0.0258,8110,Render,Index_PIP,-17.555170,1.032214,20.911730,-0.637232,-0.284136,-0.247565,0.672246
0.0258,8110,Render,Index_DIP,-17.536590,1.032974,20.929830,-0.592283,-0.368780,-0.337351,0.631979
0.0258,8110,Render,Index_FingerTip,-17.523130,1.033255,20.953120,-0.592283,-0.368780,-0.337351,0.631979
0.0258,8110,Render,Middle_MCP,-17.594460,1.002674,20.890130,-0.687687,-0.233336,-0.198325,0.658262
0.0258,8110,Render,Middle_PIP,-17.551560,1.005833,20.920760,-0.625370,-0.369150,-0.328857,0.603734
0.0258,8110,Render,Middle_DIP,-17.537390,1.007624,20.944520,-0.546547,-0.478169,-0.434577,0.532714
0.0258,8110,Render,Middle_FingerTip,-17.532710,1.009313,20.972380,-0.546547,-0.478169,-0.434577,0.532714
0.0258,8110,Render,Ring_MCP,-17.598130,0.978399,20.891360,-0.709234,-0.220460,-0.189079,0.642366
0.0258,8110,Render,Ring_PIP,-17.559440,0.981647,20.917020,-0.660169,-0.340283,-0.297766,0.599767
0.0258,8110,Render,Ring_DIP,-17.543870,0.984073,20.938130,-0.598801,-0.439379,-0.387935,0.545794
0.0258,8110,Render,Ring_FingerTip,-17.535800,0.986724,20.962490,-0.598801,-0.439379,-0.387935,0.545794
0.0258,8110,Render,Pinky_MCP,-17.606580,0.957698,20.892000,-0.720778,-0.219526,-0.190244,0.629361
0.0258,8110,Render,Pinky_PIP,-17.573860,0.960729,20.913680,-0.671700,-0.341368,-0.296655,0.586757
0.0258,8110,Render,Pinky_DIP,-17.563010,0.962756,20.928340,-0.610019,-0.442254,-0.384802,0.533119
0.0258,8110,Render,Pinky_FingerTip,-17.557030,0.965232,20.946370,-0.610019,-0.442254,-0.384802,0.533119
0.0395,8111,Real,Wrist,-17.701570,0.984220,20.857120,-0.715229,-0.161926,-0.134856,0.666365
0.0395,8111,Real,Thumb_CMC,-17.671570,1.016820,20.873780,-0.213337,-0.372064,0.352674,0.831671
0.0395,8111,Real,Thumb_MCP,-17.650740,1.049550,20.894350,-0.168008,-0.394611,0.252216,0.867435
0.0395,8111,Real,Thumb_IP,-17.623220,1.077505,20.923760,-0.080961,-0.421176,0.063507,0.901123
0.0395,8111,Real,Thumb_FingerTip,-17.605060,1.082710,20.945100,-0.080961,-0.421176,0.063507,0.901123
0.0395,8111,Real,Index_MCP,-17.604410,1.022564,20.904150,-0.676595,-0.200531,-0.161139,0.689958
0.0395,8111,Real,Index_PIP,-17.563780,1.024858,20.927320,-0.637992,-0.301594,-0.264708,0.657219
0.0395,8111,Real,Index_DIP,-17.546180,1.025816,20.946380,-0.590397,-0.386555,-0.352668,0.614519
0.0395,8111,Real,Index_FingerTip,-17.534020,1.026435,20.970360,-0.590397,-0.386555,-0.352668,0.614519
0.0395,8111,Real,Middle_MCP,-17.602160,0.995226,20.904270,-0.690130,-0.247979,-0.215149,0.644933
0.0395,8111,Real,Middle_PIP,-17.560740,0.998646,20.936840,-0.624670,-0.384135,-0.342740,0.587160
0.0395,8111,Real,Middle_DIP,-17.547710,1.000792,20.961210,-0.542986,-0.492888,-0.445278,0.513766
0.0395,8111,Real,Middle_FingerTip,-17.544380,1.002991,20.989230,-0.542986,-0.492888,-0.445278,0.513766
0.0395,8111,Real,Ring_MCP,-17.606100,0.971010,20.905790,-0.711715,-0.234486,-0.206360,0.629202
0.0395,8111,Real,Ring_PIP,-17.568640,0.974458,20.933190,-0.660061,-0.354741,-0.312688,0.583700
0.0395,8111,Real,Ring_DIP,-17.554080,0.977179,20.954980,-0.596299,-0.453816,-0.400314,0.527474
0.0395,8111,Real,Ring_FingerTip,-17.547180,0.980247,20.979640,-0.596299,-0.453816,-0.400314,0.527474
0.0395,8111,Real,Pinky_MCP,-17.614760,0.950395,20.906450,-0.723098,-0.233225,-0.207733,0.616103
0.0395,8111,Real,Pinky_PIP,-17.583070,0.953597,20.929590,-0.671490,-0.355480,-0.311760,0.570563
0.0395,8111,Real,Pinky_DIP,-17.572930,0.955829,20.944710,-0.607471,-0.456337,-0.397338,0.514644
0.0395,8111,Real,Pinky_FingerTip,-17.567800,0.958615,20.962960,-0.607471,-0.456337,-0.397338,0.514644
0.0395,8111,Virtual,Wrist,-17.697250,0.991671,20.851750,-0.712817,-0.154499,-0.125833,0.672450
0.0395,8111,Virtual,Thumb_CMC,-17.666980,1.024205,20.868040,-0.203777,-0.364346,0.354760,0.836584
0.0395,8111,Virtual,Thumb_MCP,-17.645780,1.056789,20.888460,-0.159424,-0.385820,0.253708,0.872559
0.0395,8111,Virtual,Thumb_IP,-17.617660,1.084529,20.917510,-0.074426,-0.410772,0.063884,0.906447
0.0395,8111,Virtual,Thumb_FingerTip,-17.599010,1.089572,20.938460,-0.074426,-0.410772,0.063884,0.906447
0.0395,8111,Virtual,Index_MCP,-17.599130,1.029881,20.896850,-0.674300,-0.192597,-0.152747,0.696344
0.0395,8111,Virtual,Index_PIP,-17.557960,1.032083,20.919060,-0.636937,-0.293403,-0.257391,0.664814
0.0395,8111,Virtual,Index_DIP,-17.539910,1.032901,20.937690,-0.590479,-0.378297,-0.346465,0.623048
0.0395,8111,Virtual,Index_FingerTip,-17.527160,1.033305,20.961380,-0.590479,-0.378297,-0.346465,0.623048
0.0395,8111,Virtual,Middle_MCP,-17.596770,1.002553,20.896610,-0.688641,-0.240313,-0.206936,0.652074
0.0395,8111,Virtual,Middle_PIP,-17.554590,1.005779,20.928210,-0.624784,-0.376327,-0.336165,0.595832
0.0395,8111,Virtual,Middle_DIP,-17.540980,1.007710,20.952280,-0.544540,-0.485235,-0.440417,0.523504
0.0395,8111,Virtual,Middle_FingerTip,-17.536990,1.009616,20.980230,-0.544540,-0.485235,-0.440417,0.523504
0.0395,8111,Virtual,Ring_MCP,-17.600580,0.978307,20.897960,-0.710231,-0.227101,-0.197843,0.636283
0.0395,8111,Virtual,Ring_PIP,-17.562490,0.981602,20.924480,-0.659885,-0.347210,-0.305532,0.592155
0.0395,8111,Virtual,Ring_DIP,-17.547410,0.984142,20.945940,-0.597306,-0.446350,-0.394572,0.536946
0.0395,8111,Virtual,Ring_FingerTip,-17.539930,0.986967,20.970470,-0.597306,-0.446350,-0.394572,0.536946
0.0395,8111,Virtual,Pinky_MCP,-17.609150,0.957652,20.898590,-0.721704,-0.226012,-0.199096,0.623236
0.0395,8111,Virtual,Pinky_PIP,-17.576920,0.960725,20.921000,-0.671372,-0.348134,-0.304496,0.579089
0.0395,8111,Virtual,Pinky_DIP,-17.566420,0.962831,20.935900,-0.608506,-0.449064,-0.391501,0.524204
0.0395,8111,Virtual,Pinky_FingerTip,-17.560870,0.965438,20.954050,-0.608506,-0.449064,-0.391501,0.524204
0.0395,8111,Render,Wrist,-17.697250,0.991671,20.851750,-0.712817,-0.154499,-0.125833,0.672450
0.0395,8111,Render,Thumb_CMC,-17.666980,1.024205,20.868040,-0.203777,-0.364346,0.354760,0.836584
0.0395,8111,Render,Thumb_MCP,-17.645780,1.056789,20.888460,-0.159424,-0.385820,0.253708,0.872559
0.0395,8111,Render,Thumb_IP,-17.617660,1.084529,20.917510,-0.074426,-0.410772,0.063884,0.906447
0.0395,8111,Render,Thumb_FingerTip,-17.599010,1.089572,20.938460,-0.074426,-0.410772,0.063884,0.906447
0.0395,8111,Render,Index_MCP,-17.599130,1.029881,20.896850,-0.674300,-0.192597,-0.152747,0.696344
0.0395,8111,Render,Index_PIP,-17.557960,1.032083,20.919060,-0.636937,-0.293403,-0.257391,0.664814
0.0395,8111,Render,Index_DIP,-17.539910,1.032901,20.937690,-0.590479,-0.378297,-0.346465,0.623048
0.0395,8111,Render,Index_FingerTip,-17.527160,1.033305,20.961380,-0.590479,-0.378297,-0.346465,0.623048
0.0395,8111,Render,Middle_MCP,-17.596770,1.002553,20.896610,-0.688641,-0.240313,-0.206936,0.652074
0.0395,8111,Render,Middle_PIP,-17.554590,1.005779,20.928210,-0.624784,-0.376327,-0.336165,0.595832
0.0395,8111,Render,Middle_DIP,-17.540980,1.007710,20.952280,-0.544540,-0.485235,-0.440417,0.523504
0.0395,8111,Render,Middle_FingerTip,-17.536990,1.009616,20.980230,-0.544540,-0.485235,-0.440417,0.523504
0.0395,8111,Render,Ring_MCP,-17.600580,0.978307,20.897960,-0.710231,-0.227101,-0.197843,0.636283
0.0395,8111,Render,Ring_PIP,-17.562490,0.981602,20.924480,-0.659885,-0.347210,-0.305532,0.592155
0.0395,8111,Render,Ring_DIP,-17.547410,0.984142,20.945940,-0.597306,-0.446350,-0.394572,0.536946
0.0395,8111,Render,Ring_FingerTip,-17.539930,0.986967,20.970470,-0.597306,-0.446350,-0.394572,0.536946
0.0395,8111,Render,Pinky_MCP,-17.609150,0.957652,20.898590,-0.721704,-0.226012,-0.199096,0.623236
0.0395,8111,Render,Pinky_PIP,-17.576920,0.960725,20.921000,-0.671372,-0.348134,-0.304496,0.579089
0.0395,8111,Render,Pinky_DIP,-17.566420,0.962831,20.935900,-0.608506,-0.449064,-0.391501,0.524204
0.0395,8111,Render,Pinky_FingerTip,-17.560870,0.965438,20.954050,-0.608506,-0.449064,-0.391501,0.524204
0.0542,8112,Real,Wrist,-17.703610,0.983979,20.860160,-0.717038,-0.168063,-0.142173,0.661361
0.0542,8112,Real,Thumb_CMC,-17.673850,1.016641,20.877130,-0.219384,-0.380958,0.349550,0.827380
0.0542,8112,Real,Thumb_MCP,-17.653420,1.049379,20.898080,-0.172849,-0.404204,0.249373,0.862877
0.0542,8112,Real,Thumb_IP,-17.626510,1.077331,20.928050,-0.083448,-0.431618,0.061229,0.896099
0.0542,8112,Real,Thumb_FingerTip,-17.608840,1.082512,20.949800,-0.083448,-0.431618,0.061229,0.896099
0.0542,8112,Real,Index_MCP,-17.607290,1.022465,20.908770,-0.677102,-0.210976,-0.171879,0.683725
0.0542,8112,Real,Index_PIP,-17.567400,1.024838,20.933180,-0.636452,-0.312902,-0.275293,0.649026
0.0542,8112,Real,Index_DIP,-17.550460,1.025901,20.952820,-0.586805,-0.398296,-0.362799,0.604482
0.0542,8112,Real,Index_FingerTip,-17.539170,1.026676,20.977230,-0.586805,-0.398296,-0.362799,0.604482
0.0542,8112,Real,Middle_MCP,-17.605120,0.995123,20.909170,-0.690818,-0.255262,-0.222699,0.638762
0.0542,8112,Real,Middle_PIP,-17.564430,0.998723,20.942640,-0.623899,-0.391329,-0.348795,0.579615
0.0542,8112,Real,Middle_DIP,-17.551950,1.001050,20.967280,-0.540955,-0.499757,-0.449780,0.505282
0.0542,8112,Real,Middle_FingerTip,-17.549230,1.003488,20.995340,-0.540955,-0.499757,-0.449780,0.505282
0.0542,8112,Real,Ring_MCP,-17.609160,0.970933,20.910830,-0.712487,-0.241373,-0.213963,0.623155
0.0542,8112,Real,Ring_PIP,-17.572310,0.974530,20.939020,-0.659634,-0.361638,-0.319105,0.576432
0.0542,8112,Real,Ring_DIP,-17.558220,0.977407,20.961090,-0.594809,-0.460545,-0.405499,0.519300
0.0542,8112,Real,Ring_FingerTip,-17.551850,0.980676,20.985880,-0.594809,-0.460545,-0.405499,0.519300
0.0542,8112,Real,Pinky_MCP,-17.617900,0.950349,20.911500,-0.723798,-0.239985,-0.215419,0.610016
0.0542,8112,Real,Pinky_PIP,-17.586710,0.953679,20.935300,-0.671014,-0.362238,-0.318254,0.563240
0.0542,8112,Real,Pinky_DIP,-17.576900,0.956021,20.950630,-0.605953,-0.462922,-0.402591,0.506404
0.0542,8112,Real,Pinky_FingerTip,-17.572160,0.958957,20.968950,-0.605953,-0.462922,-0.402591,0.506404
0.0542,8112,Virtual,Wrist,-17.699430,0.991665,20.855050,-0.715229,-0.161926,-0.134856,0.666365
0.0542,8112,Virtual,Thumb_CMC,-17.669440,1.024265,20.871710,-0.211697,-0.374620,0.351215,0.831561
0.0542,8112,Virtual,Thumb_MCP,-17.648690,1.056879,20.892540,-0.165965,-0.397003,0.250532,0.867225
0.0542,8112,Virtual,Thumb_IP,-17.621270,1.084645,20.922220,-0.078243,-0.423124,0.061442,0.900594
0.0542,8112,Virtual,Thumb_FingerTip,-17.603190,1.089686,20.943670,-0.078243,-0.423124,0.061442,0.900594
0.0542,8112,Virtual,Index_MCP,-17.602280,1.030009,20.902080,-0.675428,-0.204426,-0.165113,0.689017
0.0542,8112,Virtual,Index_PIP,-17.561920,1.032286,20.925720,-0.635808,-0.306172,-0.269425,0.655300
0.0542,8112,Virtual,Index_DIP,-17.544600,1.033226,20.945030,-0.587102,-0.391541,-0.357859,0.611510
0.0542,8112,Virtual,Index_FingerTip,-17.532830,1.033820,20.969220,-0.587102,-0.391541,-0.357859,0.611510
0.0542,8112,Virtual,Middle_MCP,-17.600030,1.002671,20.902200,-0.689780,-0.248949,-0.216056,0.644630
0.0542,8112,Virtual,Middle_PIP,-17.558690,1.006097,20.934890,-0.624176,-0.384937,-0.343494,0.586719
0.0542,8112,Virtual,Middle_DIP,-17.545730,1.008245,20.959290,-0.542406,-0.493526,-0.445882,0.513242
0.0542,8112,Virtual,Middle_FingerTip,-17.542470,1.010443,20.987320,-0.542406,-0.493526,-0.445882,0.513242
0.0542,8112,Virtual,Ring_MCP,-17.603970,0.978456,20.903720,-0.711451,-0.235285,-0.207067,0.628969
0.0542,8112,Virtual,Ring_PIP,-17.566570,0.981914,20.931210,-0.659672,-0.355462,-0.313326,0.583357
0.0542,8112,Virtual,Ring_DIP,-17.552060,0.984638,20.953020,-0.595814,-0.454452,-0.400877,0.527046
0.0542,8112,Virtual,Ring_FingerTip,-17.545200,0.987708,20.977710,-0.595814,-0.454452,-0.400877,0.527046
0.0542,8112,Virtual,Pinky_MCP,-17.612620,0.957841,20.904380,-0.722835,-0.234037,-0.208425,0.615870
0.0542,8112,Virtual,Pinky_PIP,-17.580990,0.961054,20.927590,-0.671101,-0.356214,-0.312384,0.570221
0.0542,8112,Virtual,Pinky_DIP,-17.570880,0.963289,20.942740,-0.606983,-0.456985,-0.397888,0.514220
0.0542,8112,Virtual,Pinky_FingerTip,-17.565790,0.966078,20.960990,-0.606983,-0.456985,-0.397888,0.514220
0.0542,8112,Render,Wrist,-17.699430,0.991665,20.855050,-0.715229,-0.161926,-0.134856,0.666365
0.0542,8112,Render,Thumb_CMC,-17.669440,1.024265,20.871710,-0.213337,-0.372064,0.352674,0.831672
0.0542,8112,Render,Thumb_MCP,-17.648610,1.056995,20.892280,-0.168008,-0.394611,0.252216,0.867435
0.0542,8112,Render,Thumb_IP,-17.621080,1.084950,20.921690,-0.080961,-0.421176,0.063506,0.901123
0.0542,8112,Render,Thumb_FingerTip,-17.602930,1.090155,20.943030,-0.080961,-0.421176,0.063506,0.901123
0.0542,8112,Render,Index_MCP,-17.602280,1.030009,20.902080,-0.676595,-0.200531,-0.161139,0.689958
0.0542,8112,Render,Index_PIP,-17.561650,1.032304,20.925250,-0.637992,-0.301594,-0.264708,0.657219
0.0542,8112,Render,Index_DIP,-17.544050,1.033261,20.944310,-0.590397,-0.386555,-0.352668,0.614518
0.0542,8112,Render,Index_FingerTip,-17.531890,1.033880,20.968290,-0.590397,-0.386555,-0.352668,0.614518
0.0542,8112,Render,Middle_MCP,-17.600030,1.002671,20.902200,-0.690130,-0.247979,-0.215149,0.644933
0.0542,8112,Render,Middle_PIP,-17.558600,1.006091,20.934770,-0.624670,-0.384135,-0.342741,0.587160
0.0542,8112,Render,Middle_DIP,-17.545580,1.008237,20.959140,-0.542986,-0.492888,-0.445278,0.513766
0.0542,8112,Render,Middle_FingerTip,-17.542250,1.010437,20.987160,-0.542986,-0.492888,-0.445278,0.513766
0.0542,8112,Render,Ring_MCP,-17.603970,0.978456,20.903720,-0.711715,-0.234486,-0.206360,0.629202
0.0542,8112,Render,Ring_PIP,-17.566510,0.981903,20.931120,-0.660061,-0.354741,-0.312688,0.583700
0.0542,8112,Render,Ring_DIP,-17.551940,0.984624,20.952910,-0.596299,-0.453816,-0.400314,0.527473
0.0542,8112,Render,Ring_FingerTip,-17.545040,0.987692,20.977570,-0.596299,-0.453816,-0.400314,0.527473
0.0542,8112,Render,Pinky_MCP,-17.612620,0.957841,20.904380,-0.723098,-0.233225,-0.207733,0.616103
0.0542,8112,Render,Pinky_PIP,-17.580930,0.961042,20.927520,-0.671490,-0.355480,-0.311760,0.570563
0.0542,8112,Render,Pinky_DIP,-17.570790,0.963274,20.942640,-0.607471,-0.456337,-0.397338,0.514644
0.0542,8112,Render,Pinky_FingerTip,-17.565660,0.966060,20.960890,-0.607471,-0.456337,-0.397338,0.514644
0.0728,8113,Real,Wrist,-17.706530,0.983824,20.862520,-0.717525,-0.174555,-0.149859,0.657443
0.0728,8113,Real,Thumb_CMC,-17.677050,1.016517,20.879920,-0.216263,-0.403868,0.341624,0.820618
0.0728,8113,Real,Thumb_MCP,-17.657720,1.048808,20.902540,-0.165408,-0.427223,0.239021,0.856148
0.0728,8113,Real,Thumb_IP,-17.632190,1.075804,20.934530,-0.068182,-0.453024,0.046411,0.887675
0.0728,8113,Real,Thumb_FingerTip,-17.615510,1.079913,20.957270,-0.068182,-0.453024,0.046411,0.887675
0.0728,8113,Real,Index_MCP,-17.611150,1.022378,20.912910,-0.673414,-0.229824,-0.191098,0.676149
0.0728,8113,Real,Index_PIP,-17.572690,1.024772,20.939520,-0.628004,-0.334537,-0.296746,0.636896
0.0728,8113,Real,Index_DIP,-17.557110,1.025867,20.960250,-0.573279,-0.421493,-0.385376,0.587521
0.0728,8113,Real,Index_FingerTip,-17.547760,1.026686,20.985460,-0.573279,-0.421493,-0.385376,0.587521
0.0728,8113,Real,Middle_MCP,-17.609050,0.995034,20.913510,-0.689460,-0.264493,-0.232348,0.633011
0.0728,8113,Real,Middle_PIP,-17.569330,0.998760,20.948110,-0.621070,-0.399479,-0.356502,0.572359
0.0728,8113,Real,Middle_DIP,-17.557500,1.001202,20.973060,-0.537116,-0.506772,-0.455578,0.497129
0.0728,8113,Real,Middle_FingerTip,-17.555490,1.003790,21.001170,-0.537116,-0.506772,-0.455578,0.497129
0.0728,8113,Real,Ring_MCP,-17.613180,0.970863,20.915210,-0.711354,-0.250089,-0.223458,0.617655
0.0728,8113,Real,Ring_PIP,-17.577110,0.974575,20.944390,-0.657058,-0.369924,-0.327412,0.569414
0.0728,8113,Real,Ring_DIP,-17.563620,0.977558,20.966820,-0.591030,-0.468245,-0.412534,0.511123
0.0728,8113,Real,Ring_FingerTip,-17.557920,0.980958,20.991750,-0.591030,-0.468245,-0.412534,0.511123
0.0728,8113,Real,Pinky_MCP,-17.621970,0.950301,20.915810,-0.722616,-0.248595,-0.224977,0.604493
0.0728,8113,Real,Pinky_PIP,-17.591450,0.953737,20.940450,-0.668408,-0.370410,-0.326621,0.556189
0.0728,8113,Real,Pinky_DIP,-17.582050,0.956156,20.956020,-0.602164,-0.470502,-0.409681,0.498185
0.0728,8113,Real,Pinky_FingerTip,-17.577810,0.959192,20.974450,-0.602164,-0.470502,-0.409681,0.498185
0.0728,8113,Virtual,Wrist,-17.703970,0.991886,20.860560,-0.717525,-0.174555,-0.149859,0.657443
0.0728,8113,Virtual,Thumb_CMC,-17.674500,1.024579,20.877960,-0.216263,-0.403868,0.341625,0.820618
0.0728,8113,Virtual,Thumb_MCP,-17.655160,1.056870,20.900580,-0.165408,-0.427223,0.239021,0.856148
0.0728,8113,Virtual,Thumb_IP,-17.629630,1.083866,20.932570,-0.068182,-0.453024,0.046411,0.887675
0.0728,8113,Virtual,Thumb_FingerTip,-17.612960,1.087975,20.955310,-0.068182,-0.453024,0.046411,0.887675
0.0728,8113,Virtual,Index_MCP,-17.608600,1.030440,20.910950,-0.673414,-0.229824,-0.191097,0.676149
0.0728,8113,Virtual,Index_PIP,-17.570130,1.032834,20.937560,-0.628005,-0.334538,-0.296746,0.636896
0.0728,8113,Virtual,Index_DIP,-17.554560,1.033929,20.958290,-0.573279,-0.421493,-0.385376,0.587521
0.0728,8113,Virtual,Index_FingerTip,-17.545210,1.034747,20.983500,-0.573279,-0.421493,-0.385376,0.587521
0.0728,8113,Virtual,Middle_MCP,-17.606490,1.003096,20.911540,-0.689460,-0.264493,-0.232348,0.633011
0.0728,8113,Virtual,Middle_PIP,-17.566780,1.006822,20.946150,-0.621070,-0.399479,-0.356502,0.572359
0.0728,8113,Virtual,Middle_DIP,-17.554950,1.009264,20.971100,-0.537116,-0.506772,-0.455578,0.497129
0.0728,8113,Virtual,Middle_FingerTip,-17.552940,1.011852,20.999210,-0.537116,-0.506772,-0.455578,0.497129
0.0728,8113,Virtual,Ring_MCP,-17.610620,0.978925,20.913250,-0.711354,-0.250089,-0.223458,0.617655
0.0728,8113,Virtual,Ring_PIP,-17.574550,0.982636,20.942420,-0.657058,-0.369924,-0.327412,0.569414
0.0728,8113,Virtual,Ring_DIP,-17.561070,0.985620,20.964860,-0.591030,-0.468245,-0.412534,0.511124
0.0728,8113,Virtual,Ring_FingerTip,-17.555360,0.989020,20.989790,-0.591030,-0.468245,-0.412534,0.511124
0.0728,8113,Virtual,Pinky_MCP,-17.619410,0.958363,20.913850,-0.722616,-0.248595,-0.224977,0.604493
0.0728,8113,Virtual,Pinky_PIP,-17.588900,0.961799,20.938490,-0.668408,-0.370410,-0.326621,0.556189
0.0728,8113,Virtual,Pinky_DIP,-17.579500,0.964218,20.954060,-0.602164,-0.470502,-0.409681,0.498185
0.0728,8113,Virtual,Pinky_FingerTip,-17.575250,0.967254,20.972490,-0.602164,-0.470502,-0.409681,0.498185
0.0728,8113,Render,Wrist,-17.701380,0.991759,20.858000,-0.717038,-0.168063,-0.142173,0.661361
0.0728,8113,Render,Thumb_CMC,-17.671630,1.024421,20.874970,-0.219384,-0.380957,0.349550,0.827380
0.0728,8113,Render,Thumb_MCP,-17.651190,1.057160,20.895910,-0.172849,-0.404204,0.249373,0.862877
0.0728,8113,Render,Thumb_IP,-17.624280,1.085111,20.925880,-0.083448,-0.431618,0.061229,0.896099
0.0728,8113,Render,Thumb_FingerTip,-17.606610,1.090292,20.947640,-0.083448,-0.431618,0.061229,0.896099
0.0728,8113,Render,Index_MCP,-17.605060,1.030245,20.906610,-0.677103,-0.210976,-0.171879,0.683725
0.0728,8113,Render,Index_PIP,-17.565170,1.032618,20.931020,-0.636452,-0.312902,-0.275293,0.649026
0.0728,8113,Render,Index_DIP,-17.548230,1.033681,20.950660,-0.586804,-0.398295,-0.362799,0.604482
0.0728,8113,Render,Index_FingerTip,-17.536950,1.034456,20.975060,-0.586804,-0.398295,-0.362799,0.604482
0.0728,8113,Render,Middle_MCP,-17.602890,1.002903,20.907010,-0.690818,-0.255262,-0.222699,0.638762
0.0728,8113,Render,Middle_PIP,-17.562210,1.006503,20.940470,-0.623899,-0.391329,-0.348795,0.579615
0.0728,8113,Render,Middle_DIP,-17.549720,1.008830,20.965110,-0.540955,-0.499757,-0.449780,0.505282
0.0728,8113,Render,Middle_FingerTip,-17.547010,1.011268,20.993180,-0.540955,-0.499757,-0.449780,0.505282
0.0728,8113,Render,Ring_MCP,-17.606930,0.978713,20.908670,-0.712487,-0.241373,-0.213963,0.623155
0.0728,8113,Render,Ring_PIP,-17.570080,0.982310,20.936850,-0.659634,-0.361638,-0.319105,0.576432
0.0728,8113,Render,Ring_DIP,-17.555990,0.985187,20.958930,-0.594809,-0.460545,-0.405499,0.519300
0.0728,8113,Render,Ring_FingerTip,-17.549620,0.988456,20.983710,-0.594809,-0.460545,-0.405499,0.519300
0.0728,8113,Render,Pinky_MCP,-17.615670,0.958129,20.909330,-0.723798,-0.239985,-0.215419,0.610015
0.0728,8113,Render,Pinky_PIP,-17.584480,0.961459,20.933140,-0.671014,-0.362238,-0.318254,0.563240
0.0728,8113,Render,Pinky_DIP,-17.574670,0.963801,20.948460,-0.605953,-0.462922,-0.402591,0.506404
0.0728,8113,Render,Pinky_FingerTip,-17.569930,0.966737,20.966790,-0.605953,-0.462922,-0.402591,0.506404
0.0871,8114,Real,Wrist,-17.709680,0.983167,20.864590,-0.713719,-0.180687,-0.155280,0.658670
0.0871,8114,Real,Thumb_CMC,-17.680620,1.015838,20.882690,-0.210893,-0.420070,0.337736,0.815475
0.0871,8114,Real,Thumb_MCP,-17.662220,1.047805,20.906520,-0.157153,-0.442987,0.233966,0.851073
0.0871,8114,Real,Thumb_IP,-17.637800,1.074158,20.939890,-0.054887,-0.466821,0.039186,0.881777
0.0871,8114,Real,Thumb_FingerTip,-17.621810,1.077588,20.963230,-0.054887,-0.466821,0.039186,0.881777
0.0871,8114,Real,Index_MCP,-17.615290,1.021691,20.916810,-0.667740,-0.239746,-0.200206,0.675694
0.0871,8114,Real,Index_PIP,-17.577600,1.024015,20.944500,-0.619960,-0.344971,-0.307246,0.634228
0.0871,8114,Real,Index_DIP,-17.562720,1.025001,20.965740,-0.562849,-0.431922,-0.396690,0.582479
0.0871,8114,Real,Index_FingerTip,-17.554320,1.025649,20.991300,-0.562849,-0.431922,-0.396690,0.582479
0.0871,8114,Real,Middle_MCP,-17.613100,0.994351,20.917250,-0.684524,-0.271052,-0.238770,0.633204
0.0871,8114,Real,Middle_PIP,-17.574080,0.997979,20.952640,-0.614890,-0.404910,-0.362844,0.571229
0.0871,8114,Real,Middle_DIP,-17.562750,1.000291,20.977830,-0.530031,-0.510988,-0.461617,0.494841
0.0871,8114,Real,Middle_FingerTip,-17.561290,1.002691,21.005990,-0.530031,-0.510988,-0.461617,0.494841
0.0871,8114,Real,Ring_MCP,-17.617180,0.970155,20.918730,-0.706631,-0.256500,-0.229913,0.618078
0.0871,8114,Real,Ring_PIP,-17.581680,0.973798,20.948600,-0.651193,-0.375590,-0.333994,0.568620
0.0871,8114,Real,Ring_DIP,-17.568650,0.976678,20.971320,-0.584237,-0.473062,-0.419031,0.509209
0.0871,8114,Real,Ring_FingerTip,-17.563460,0.979929,20.996380,-0.584237,-0.473062,-0.419031,0.509209
0.0871,8114,Real,Pinky_MCP,-17.625910,0.949560,20.919040,-0.717929,-0.254925,-0.231526,0.604968
0.0871,8114,Real,Pinky_PIP,-17.595870,0.952942,20.944270,-0.662593,-0.376005,-0.333300,0.555430
0.0871,8114,Real,Pinky_DIP,-17.586790,0.955291,20.960040,-0.595431,-0.475260,-0.416278,0.496290
0.0871,8114,Real,Pinky_FingerTip,-17.582930,0.958218,20.978580,-0.595431,-0.475260,-0.416278,0.496290
0.0871,8114,Virtual,Wrist,-17.704010,0.992023,20.860570,-0.717525,-0.174555,-0.149859,0.657443
0.0871,8114,Virtual,Thumb_CMC,-17.674540,1.024716,20.877970,-0.211577,-0.411796,0.339527,0.818768
0.0871,8114,Virtual,Thumb_MCP,-17.655640,1.056781,20.901270,-0.158859,-0.434862,0.235335,0.854563
0.0871,8114,Virtual,Thumb_IP,-17.630590,1.083276,20.934050,-0.058353,-0.459277,0.039745,0.885483
0.0871,8114,Virtual,Thumb_FingerTip,-17.614200,1.086810,20.957100,-0.058353,-0.459277,0.039745,0.885483
0.0871,8114,Virtual,Index_MCP,-17.608630,1.030577,20.910960,-0.672078,-0.233701,-0.194991,0.675036
0.0871,8114,Virtual,Index_PIP,-17.570480,1.032960,20.938010,-0.625222,-0.339710,-0.301994,0.634425
0.0871,8114,Virtual,Index_DIP,-17.555250,1.034039,20.959000,-0.568823,-0.427488,-0.391523,0.583443
0.0871,8114,Virtual,Index_FingerTip,-17.546430,1.034832,20.984390,-0.568823,-0.427488,-0.391523,0.583443
0.0871,8114,Virtual,Middle_MCP,-17.606530,1.003233,20.911550,-0.689088,-0.265461,-0.233236,0.632684
0.0871,8114,Virtual,Middle_PIP,-17.566910,1.006967,20.946270,-0.620498,-0.400367,-0.357321,0.571848
0.0871,8114,Virtual,Middle_DIP,-17.555160,1.009412,20.971250,-0.536378,-0.507553,-0.456301,0.496465
0.0871,8114,Virtual,Middle_FingerTip,-17.553220,1.011999,20.999360,-0.536378,-0.507553,-0.456301,0.496465
0.0871,8114,Virtual,Ring_MCP,-17.610660,0.979061,20.913270,-0.711044,-0.250968,-0.224221,0.617379
0.0871,8114,Virtual,Ring_PIP,-17.574670,0.982786,20.942520,-0.656502,-0.370910,-0.328267,0.568922
0.0871,8114,Virtual,Ring_DIP,-17.561250,0.985776,20.964990,-0.590214,-0.469272,-0.413423,0.510405
0.0871,8114,Virtual,Ring_FingerTip,-17.555630,0.989179,20.989940,-0.590214,-0.469272,-0.413423,0.510405
0.0871,8114,Virtual,Pinky_MCP,-17.619450,0.958500,20.913860,-0.722309,-0.249487,-0.225724,0.604215
0.0871,8114,Virtual,Pinky_PIP,-17.588990,0.961950,20.938570,-0.667852,-0.371413,-0.327455,0.555698
0.0871,8114,Virtual,Pinky_DIP,-17.579640,0.964375,20.954170,-0.601344,-0.471549,-0.410547,0.497472
0.0871,8114,Virtual,Pinky_FingerTip,-17.575460,0.967414,20.972620,-0.601344,-0.471549,-0.410547,0.497472
0.0871,8114,Render,Wrist,-17.704010,0.992023,20.860570,-0.717525,-0.174555,-0.149859,0.657443
0.0871,8114,Render,Thumb_CMC,-17.674540,1.024716,20.877970,-0.216264,-0.403868,0.341624,0.820618
0.0871,8114,Render,Thumb_MCP,-17.655200,1.057006,20.900590,-0.165408,-0.427223,0.239021,0.856148
0.0871,8114,Render,Thumb_IP,-17.629670,1.084003,20.932580,-0.068182,-0.453024,0.046411,0.887675
0.0871,8114,Render,Thumb_FingerTip,-17.612990,1.088112,20.955320,-0.068182,-0.453024,0.046411,0.887675
0.0871,8114,Render,Index_MCP,-17.608630,1.030577,20.910960,-0.673414,-0.229824,-0.191098,0.676149
0.0871,8114,Render,Index_PIP,-17.570170,1.032971,20.937560,-0.628005,-0.334537,-0.296746,0.636896
0.0871,8114,Render,Index_DIP,-17.554600,1.034066,20.958300,-0.573279,-0.421493,-0.385376,0.587521
0.0871,8114,Render,Index_FingerTip,-17.545240,1.034884,20.983510,-0.573279,-0.421493,-0.385376,0.587521
0.0871,8114,Render,Middle_MCP,-17.606530,1.003233,20.911550,-0.689460,-0.264493,-0.232348,0.633011
0.0871,8114,Render,Middle_PIP,-17.566810,1.006959,20.946160,-0.621070,-0.399479,-0.356502,0.572359
0.0871,8114,Render,Middle_DIP,-17.554990,1.009401,20.971100,-0.537117,-0.506772,-0.455578,0.497129
0.0871,8114,Render,Middle_FingerTip,-17.552970,1.011989,20.999220,-0.537117,-0.506772,-0.455578,0.497129
0.0871,8114,Render,Ring_MCP,-17.610660,0.979061,20.913270,-0.711354,-0.250089,-0.223458,0.617655
0.0871,8114,Render,Ring_PIP,-17.574590,0.982773,20.942430,-0.657058,-0.369924,-0.327412,0.569414
0.0871,8114,Render,Ring_DIP,-17.561100,0.985757,20.964860,-0.591030,-0.468245,-0.412534,0.511123
0.0871,8114,Render,Ring_FingerTip,-17.555400,0.989157,20.989800,-0.591030,-0.468245,-0.412534,0.511123
0.0871,8114,Render,Pinky_MCP,-17.619450,0.958500,20.913860,-0.722616,-0.248595,-0.224977,0.604493
0.0871,8114,Render,Pinky_PIP,-17.588930,0.961936,20.938500,-0.668408,-0.370410,-0.326621,0.556189
0.0871,8114,Render,Pinky_DIP,-17.579530,0.964355,20.954070,-0.602164,-0.470502,-0.409681,0.498185
0.0871,8114,Render,Pinky_FingerTip,-17.575290,0.967390,20.972500,-0.602164,-0.470502,-0.409681,0.498185
0.1050,8115,Real,Wrist,-17.712130,0.982476,20.867140,-0.711524,-0.187135,-0.160965,0.657879
0.1050,8115,Real,Thumb_CMC,-17.683460,1.015178,20.885810,-0.205967,-0.439358,0.334637,0.807812
0.1050,8115,Real,Thumb_MCP,-17.666340,1.046866,20.910930,-0.148651,-0.461910,0.229609,0.843696
0.1050,8115,Real,Thumb_IP,-17.643390,1.072595,20.945800,-0.040092,-0.483581,0.032413,0.873780
0.1050,8115,Real,Thumb_FingerTip,-17.628290,1.075315,20.969810,-0.040092,-0.483581,0.032413,0.873780
0.1050,8115,Real,Index_MCP,-17.618750,1.021116,20.921090,-0.663399,-0.250714,-0.210049,0.672996
0.1050,8115,Real,Index_PIP,-17.581940,1.023454,20.949940,-0.612628,-0.357273,-0.318762,0.628836
0.1050,8115,Real,Index_DIP,-17.567890,1.024410,20.971740,-0.552374,-0.444792,-0.409135,0.574154
0.1050,8115,Real,Index_FingerTip,-17.560640,1.024991,20.997630,-0.552374,-0.444792,-0.409135,0.574154
0.1050,8115,Real,Middle_MCP,-17.616510,0.993780,20.921520,-0.680909,-0.278654,-0.245688,0.631152
0.1050,8115,Real,Middle_PIP,-17.578280,0.997442,20.957760,-0.609333,-0.412309,-0.369844,0.567389
0.1050,8115,Real,Middle_DIP,-17.567570,0.999736,20.983220,-0.522679,-0.517776,-0.468293,0.489302
0.1050,8115,Real,Middle_FingerTip,-17.566860,1.002084,21.011410,-0.522679,-0.517776,-0.468293,0.489302
0.1050,8115,Real,Ring_MCP,-17.620560,0.969572,20.922880,-0.703132,-0.264113,-0.237050,0.616163
0.1050,8115,Real,Ring_PIP,-17.585740,0.973262,20.953540,-0.645724,-0.383656,-0.341719,0.564870
0.1050,8115,Real,Ring_DIP,-17.573310,0.976144,20.976580,-0.576781,-0.481118,-0.426900,0.503593
0.1050,8115,Real,Ring_FingerTip,-17.568860,0.979370,21.001790,-0.576781,-0.481118,-0.426900,0.503593
0.1050,8115,Real,Pinky_MCP,-17.629250,0.948957,20.923000,-0.714434,-0.262459,-0.238746,0.603076
0.1050,8115,Real,Pinky_PIP,-17.599790,0.952385,20.948900,-0.657140,-0.384015,-0.341087,0.551688
0.1050,8115,Real,Pinky_DIP,-17.591120,0.954740,20.964890,-0.587996,-0.483282,-0.424188,0.490678
0.1050,8115,Real,Pinky_FingerTip,-17.587810,0.957653,20.983530,-0.587996,-0.483282,-0.424188,0.490678
0.1050,8115,Virtual,Wrist,-17.706720,0.992133,20.862580,-0.713719,-0.180686,-0.155280,0.658670
0.1050,8115,Virtual,Thumb_CMC,-17.677660,1.024804,20.880690,-0.204248,-0.431704,0.335918,0.811834
0.1050,8115,Virtual,Thumb_MCP,-17.660020,1.056497,20.905440,-0.147915,-0.454100,0.230371,0.847847
0.1050,8115,Virtual,Thumb_IP,-17.636420,1.082237,20.939850,-0.041145,-0.475807,0.032214,0.877996
0.1050,8115,Virtual,Thumb_FingerTip,-17.620880,1.084965,20.963590,-0.041145,-0.475807,0.032214,0.877996
0.1050,8115,Virtual,Index_MCP,-17.612330,1.030657,20.914800,-0.666113,-0.244230,-0.204744,0.674333
0.1050,8115,Virtual,Index_PIP,-17.575010,1.032963,20.943000,-0.616380,-0.351328,-0.313753,0.631035
0.1050,8115,Virtual,Index_DIP,-17.560570,1.033927,20.964550,-0.556972,-0.439474,-0.404510,0.577076
0.1050,8115,Virtual,Index_FingerTip,-17.552860,1.034537,20.990310,-0.556972,-0.439474,-0.404510,0.577076
0.1050,8115,Virtual,Middle_MCP,-17.610140,1.003317,20.915250,-0.683929,-0.272548,-0.240155,0.632680
0.1050,8115,Virtual,Middle_PIP,-17.571270,1.006957,20.950800,-0.613541,-0.406952,-0.364742,0.570019
0.1050,8115,Virtual,Middle_DIP,-17.560110,1.009272,20.976070,-0.527804,-0.513288,-0.463765,0.492829
0.1050,8115,Virtual,Middle_FingerTip,-17.558890,1.011670,21.004240,-0.527804,-0.513288,-0.463765,0.492829
0.1050,8115,Virtual,Ring_MCP,-17.614220,0.979121,20.916720,-0.706046,-0.258106,-0.231318,0.617554
0.1050,8115,Virtual,Ring_PIP,-17.578860,0.982786,20.946750,-0.649648,-0.378255,-0.336322,0.567247
0.1050,8115,Virtual,Ring_DIP,-17.566010,0.985682,20.969570,-0.581512,-0.476407,-0.421948,0.506795
0.1050,8115,Virtual,Ring_FingerTip,-17.561110,0.988943,20.994690,-0.581512,-0.476407,-0.421948,0.506795
0.1050,8115,Virtual,Pinky_MCP,-17.622940,0.958526,20.917030,-0.717348,-0.256557,-0.232902,0.604440
0.1050,8115,Virtual,Pinky_PIP,-17.593030,0.961933,20.942400,-0.661046,-0.378717,-0.335574,0.554059
0.1050,8115,Virtual,Pinky_DIP,-17.584070,0.964297,20.958240,-0.592693,-0.478669,-0.419120,0.493893
0.1050,8115,Virtual,Pinky_FingerTip,-17.580430,0.967236,20.976810,-0.592693,-0.478669,-0.419120,0.493893
0.1050,8115,Render,Wrist,-17.706720,0.992133,20.862580,-0.713719,-0.180686,-0.155280,0.658670
0.1050,8115,Render,Thumb_CMC,-17.677660,1.024804,20.880690,-0.210893,-0.420070,0.337736,0.815475
0.1050,8115,Render,Thumb_MCP,-17.659260,1.056772,20.904510,-0.157153,-0.442987,0.233966,0.851073
0.1050,8115,Render,Thumb_IP,-17.634840,1.083124,20.937880,-0.054886,-0.466821,0.039185,0.881777
0.1050,8115,Render,Thumb_FingerTip,-17.618850,1.086554,20.961220,-0.054886,-0.466821,0.039185,0.881777
0.1050,8115,Render,Index_MCP,-17.612330,1.030657,20.914800,-0.667740,-0.239746,-0.200206,0.675694
0.1050,8115,Render,Index_PIP,-17.574640,1.032981,20.942490,-0.619960,-0.344970,-0.307247,0.634228
0.1050,8115,Render,Index_DIP,-17.559760,1.033968,20.963740,-0.562849,-0.431922,-0.396690,0.582479
0.1050,8115,Render,Index_FingerTip,-17.551360,1.034616,20.989290,-0.562849,-0.431922,-0.396690,0.582479
0.1050,8115,Render,Middle_MCP,-17.610140,1.003317,20.915250,-0.684524,-0.271051,-0.238770,0.633204
0.1050,8115,Render,Middle_PIP,-17.571120,1.006945,20.950630,-0.614890,-0.404910,-0.362845,0.571229
0.1050,8115,Render,Middle_DIP,-17.559790,1.009257,20.975820,-0.530031,-0.510988,-0.461617,0.494842
0.1050,8115,Render,Middle_FingerTip,-17.558320,1.011658,21.003980,-0.530031,-0.510988,-0.461617,0.494842
0.1050,8115,Render,Ring_MCP,-17.614220,0.979121,20.916720,-0.706631,-0.256500,-0.229913,0.618078
0.1050,8115,Render,Ring_PIP,-17.578720,0.982764,20.946600,-0.651193,-0.375590,-0.333994,0.568620
0.1050,8115,Render,Ring_DIP,-17.565690,0.985644,20.969310,-0.584237,-0.473061,-0.419032,0.509209
0.1050,8115,Render,Ring_FingerTip,-17.560500,0.988896,20.994370,-0.584237,-0.473061,-0.419032,0.509209
0.1050,8115,Render,Pinky_MCP,-17.622940,0.958526,20.917030,-0.717929,-0.254925,-0.231527,0.604968
0.1050,8115,Render,Pinky_PIP,-17.592910,0.961909,20.942260,-0.662593,-0.376005,-0.333300,0.555430
0.1050,8115,Render,Pinky_DIP,-17.583830,0.964257,20.958030,-0.595431,-0.475260,-0.416278,0.496290
0.1050,8115,Render,Pinky_FingerTip,-17.579960,0.967184,20.976570,-0.595431,-0.475260,-0.416278,0.496290
0.1173,8116,Real,Wrist,-17.714160,0.981942,20.869910,-0.710734,-0.193053,-0.167131,0.655481
0.1173,8116,Real,Thumb_CMC,-17.685830,1.014677,20.889020,-0.209755,-0.446149,0.333165,0.803714
0.1173,8116,Real,Thumb_MCP,-17.669140,1.046411,20.914370,-0.151548,-0.469125,0.228668,0.839444
0.1173,8116,Real,Thumb_IP,-17.646820,1.072206,20.949590,-0.041279,-0.491265,0.032460,0.869426
0.1173,8116,Real,Thumb_FingerTip,-17.632140,1.074971,20.973860,-0.041279,-0.491265,0.032460,0.869426
0.1173,8116,Real,Index_MCP,-17.621750,1.020674,20.925420,-0.662197,-0.256817,-0.215726,0.670077
0.1173,8116,Real,Index_PIP,-17.585460,1.023064,20.954910,-0.610430,-0.363091,-0.323876,0.625017
0.1173,8116,Real,Index_DIP,-17.571790,1.024061,20.976960,-0.549331,-0.450216,-0.413621,0.569613
0.1173,8116,Real,Index_FingerTip,-17.565000,1.024691,21.002980,-0.549331,-0.450216,-0.413621,0.569613
0.1173,8116,Real,Middle_MCP,-17.619520,0.993339,20.925940,-0.679351,-0.284418,-0.251487,0.627967
0.1173,8116,Real,Middle_PIP,-17.581940,0.997066,20.962850,-0.606627,-0.417632,-0.374867,0.563084
0.1173,8116,Real,Middle_DIP,-17.571680,0.999409,20.988490,-0.519036,-0.522507,-0.472435,0.484143
0.1173,8116,Real,Middle_FingerTip,-17.571470,1.001813,21.016690,-0.519036,-0.522507,-0.472435,0.484143
0.1173,8116,Real,Ring_MCP,-17.623590,0.969134,20.927280,-0.701634,-0.269734,-0.243059,0.613087
0.1173,8116,Real,Ring_PIP,-17.589330,0.972879,20.958550,-0.643260,-0.388926,-0.347094,0.560785
0.1173,8116,Real,Ring_DIP,-17.577300,0.975805,20.981800,-0.573514,-0.485931,-0.431560,0.498708
0.1173,8116,Real,Ring_FingerTip,-17.573300,0.979080,21.007070,-0.573514,-0.485931,-0.431560,0.498708
0.1173,8116,Real,Pinky_MCP,-17.632290,0.948521,20.927290,-0.712907,-0.267966,-0.244856,0.600003
0.1173,8116,Real,Pinky_PIP,-17.603290,0.951996,20.953700,-0.654668,-0.389167,-0.346561,0.547589
0.1173,8116,Real,Pinky_DIP,-17.594910,0.954381,20.969840,-0.584739,-0.487977,-0.428944,0.485763
0.1173,8116,Real,Pinky_FingerTip,-17.591920,0.957330,20.988530,-0.584739,-0.487977,-0.428944,0.485763
0.1173,8116,Virtual,Wrist,-17.709080,0.992027,20.864850,-0.711524,-0.187135,-0.160965,0.657879
0.1173,8116,Virtual,Thumb_CMC,-17.680400,1.024730,20.883530,-0.205967,-0.439358,0.334637,0.807813
0.1173,8116,Virtual,Thumb_MCP,-17.663280,1.056417,20.908650,-0.148651,-0.461910,0.229609,0.843696
0.1173,8116,Virtual,Thumb_IP,-17.640340,1.082147,20.943510,-0.040092,-0.483581,0.032413,0.873780
0.1173,8116,Virtual,Thumb_FingerTip,-17.625240,1.084867,20.967530,-0.040092,-0.483581,0.032413,0.873780
0.1173,8116,Virtual,Index_MCP,-17.615700,1.030668,20.918800,-0.663399,-0.250714,-0.210049,0.672996
0.1173,8116,Virtual,Index_PIP,-17.578890,1.033005,20.947650,-0.612628,-0.357272,-0.318762,0.628836
0.1173,8116,Virtual,Index_DIP,-17.564840,1.033962,20.969450,-0.552374,-0.444792,-0.409135,0.574154
0.1173,8116,Virtual,Index_FingerTip,-17.557580,1.034542,20.995350,-0.552374,-0.444792,-0.409135,0.574154
0.1173,8116,Virtual,Middle_MCP,-17.613460,1.003331,20.919230,-0.680909,-0.278654,-0.245688,0.631152
0.1173,8116,Virtual,Middle_PIP,-17.575230,1.006993,20.955470,-0.609333,-0.412309,-0.369844,0.567389
0.1173,8116,Virtual,Middle_DIP,-17.564520,1.009287,20.980940,-0.522680,-0.517776,-0.468293,0.489302
0.1173,8116,Virtual,Middle_FingerTip,-17.563810,1.011636,21.009120,-0.522680,-0.517776,-0.468293,0.489302
0.1173,8116,Virtual,Ring_MCP,-17.617510,0.979123,20.920590,-0.703133,-0.264112,-0.237050,0.616163
0.1173,8116,Virtual,Ring_PIP,-17.582700,0.982813,20.951250,-0.645724,-0.383655,-0.341719,0.564870
0.1173,8116,Virtual,Ring_DIP,-17.570260,0.985696,20.974290,-0.576781,-0.481117,-0.426901,0.503593
0.1173,8116,Virtual,Ring_FingerTip,-17.565800,0.988921,20.999500,-0.576781,-0.481117,-0.426901,0.503593
0.1173,8116,Virtual,Pinky_MCP,-17.626200,0.958509,20.920710,-0.714434,-0.262459,-0.238746,0.603076
0.1173,8116,Virtual,Pinky_PIP,-17.596740,0.961936,20.946610,-0.657140,-0.384015,-0.341087,0.551688
0.1173,8116,Virtual,Pinky_DIP,-17.588070,0.964291,20.962610,-0.587996,-0.483281,-0.424188,0.490678
0.1173,8116,Virtual,Pinky_FingerTip,-17.584750,0.967204,20.981250,-0.587996,-0.483281,-0.424188,0.490678
0.1173,8116,Render,Wrist,-17.709080,0.992027,20.864850,-0.711524,-0.187135,-0.160965,0.657879
0.1173,8116,Render,Thumb_CMC,-17.680400,1.024730,20.883530,-0.205967,-0.439358,0.334637,0.807813
0.1173,8116,Render,Thumb_MCP,-17.663280,1.056417,20.908650,-0.148651,-0.461910,0.229609,0.843696
0.1173,8116,Render,Thumb_IP,-17.640340,1.082147,20.943510,-0.040092,-0.483581,0.032413,0.873780
0.1173,8116,Render,Thumb_FingerTip,-17.625240,1.084867,20.967530,-0.040092,-0.483581,0.032413,0.873780
0.1173,8116,Render,Index_MCP,-17.615700,1.030668,20.918800,-0.663399,-0.250714,-0.210049,0.672996
0.1173,8116,Render,Index_PIP,-17.578890,1.033005,20.947650,-0.612628,-0.357272,-0.318762,0.628836
0.1173,8116,Render,Index_DIP,-17.564840,1.033962,20.969450,-0.552374,-0.444792,-0.409135,0.574154
0.1173,8116,Render,Index_FingerTip,-17.557580,1.034542,20.995350,-0.552374,-0.444792,-0.409135,0.574154
0.1173,8116,Render,Middle_MCP,-17.613460,1.003331,20.919230,-0.680909,-0.278654,-0.245688,0.631152
0.1173,8116,Render,Middle_PIP,-17.575230,1.006993,20.955470,-0.609333,-0.412309,-0.369844,0.567389
0.1173,8116,Render,Middle_DIP,-17.564520,1.009287,20.980940,-0.522680,-0.517776,-0.468293,0.489302
0.1173,8116,Render,Middle_FingerTip,-17.563810,1.011636,21.009120,-0.522680,-0.517776,-0.468293,0.489302
0.1173,8116,Render,Ring_MCP,-17.617510,0.979123,20.920590,-0.703133,-0.264112,-0.237050,0.616163
0.1173,8116,Render,Ring_PIP,-17.582700,0.982813,20.951250,-0.645724,-0.383655,-0.341719,0.564870
0.1173,8116,Render,Ring_DIP,-17.570260,0.985696,20.974290,-0.576781,-0.481117,-0.426901,0.503593
0.1173,8116,Render,Ring_FingerTip,-17.565800,0.988921,20.999500,-0.576781,-0.481117,-0.426901,0.503593
0.1173,8116,Render,Pinky_MCP,-17.626200,0.958509,20.920710,-0.714434,-0.262459,-0.238746,0.603076
0.1173,8116,Render,Pinky_PIP,-17.596740,0.961936,20.946610,-0.657140,-0.384015,-0.341087,0.551688
0.1173,8116,Render,Pinky_DIP,-17.588070,0.964291,20.962610,-0.587996,-0.483281,-0.424188,0.490678
0.1173,8116,Render,Pinky_FingerTip,-17.584750,0.967204,20.981250,-0.587996,-0.483281,-0.424188,0.490678
0.1292,8117,Real,Wrist,-17.718990,0.980737,20.871150,-0.707221,-0.202808,-0.172450,0.654957
0.1292,8117,Real,Thumb_CMC,-17.691330,1.013647,20.890960,-0.207423,-0.461378,0.332949,0.795771
0.1292,8117,Real,Thumb_MCP,-17.675850,1.045319,20.917140,-0.146681,-0.484127,0.228387,0.831833
0.1292,8117,Real,Thumb_IP,-17.654920,1.070913,20.953340,-0.031966,-0.504848,0.031909,0.862026
0.1292,8117,Real,Thumb_FingerTip,-17.641010,1.073400,20.978090,-0.031966,-0.504848,0.031909,0.862026
0.1292,8117,Real,Index_MCP,-17.628120,1.020059,20.928760,-0.657176,-0.268202,-0.222305,0.668407
0.1292,8117,Real,Index_PIP,-17.592650,1.022651,20.959220,-0.602925,-0.374560,-0.331195,0.621689
0.1292,8117,Real,Index_DIP,-17.579680,1.023685,20.981680,-0.539458,-0.461300,-0.421266,0.564555
0.1292,8117,Real,Index_FingerTip,-17.573770,1.024278,21.007920,-0.539458,-0.461300,-0.421266,0.564555
0.1292,8117,Real,Middle_MCP,-17.625680,0.992741,20.929260,-0.674208,-0.294510,-0.257509,0.626416
0.1292,8117,Real,Middle_PIP,-17.589040,0.996676,20.967080,-0.598962,-0.427244,-0.381181,0.559830
0.1292,8117,Real,Middle_DIP,-17.579500,0.999032,20.993000,-0.509099,-0.531141,-0.478607,0.479212
0.1292,8117,Real,Middle_FingerTip,-17.580130,1.001355,21.021190,-0.509099,-0.531141,-0.478607,0.479212
0.1292,8117,Real,Ring_MCP,-17.629590,0.968501,20.930440,-0.696705,-0.279732,-0.249289,0.611725
0.1292,8117,Real,Ring_PIP,-17.596120,0.972447,20.962530,-0.636117,-0.398752,-0.353734,0.557876
0.1292,8117,Real,Ring_DIP,-17.584750,0.975414,20.986110,-0.564308,-0.495180,-0.438250,0.494257
0.1292,8117,Real,Ring_FingerTip,-17.581510,0.978656,21.011500,-0.564308,-0.495180,-0.438250,0.494257
0.1292,8117,Real,Pinky_MCP,-17.638110,0.947819,20.930210,-0.707984,-0.277878,-0.251243,0.598682
0.1292,8117,Real,Pinky_PIP,-17.609790,0.951466,20.957320,-0.647546,-0.398926,-0.353345,0.544693
0.1292,8117,Real,Pinky_DIP,-17.601860,0.953883,20.973690,-0.575563,-0.497177,-0.435762,0.481305
0.1292,8117,Real,Pinky_FingerTip,-17.599450,0.956811,20.992460,-0.575563,-0.497177,-0.435762,0.481305
0.1292,8117,Virtual,Wrist,-17.711090,0.991952,20.867340,-0.710734,-0.193053,-0.167131,0.655481
0.1292,8117,Virtual,Thumb_CMC,-17.682750,1.024687,20.886460,-0.206711,-0.451423,0.332578,0.801798
0.1292,8117,Virtual,Thumb_MCP,-17.666450,1.056301,20.912210,-0.147248,-0.474163,0.227248,0.837763
0.1292,8117,Virtual,Thumb_IP,-17.644540,1.081816,20.947880,-0.034799,-0.495279,0.029443,0.867538
0.1292,8117,Virtual,Thumb_FingerTip,-17.630070,1.084254,20.972310,-0.034799,-0.495279,0.029443,0.867538
0.1292,8117,Virtual,Index_MCP,-17.618680,1.030685,20.922860,-0.661516,-0.258565,-0.217495,0.669505
0.1292,8117,Virtual,Index_PIP,-17.582550,1.033066,20.952550,-0.608818,-0.365786,-0.326636,0.623579
0.1292,8117,Virtual,Index_DIP,-17.569070,1.034053,20.974710,-0.546609,-0.453517,-0.417045,0.567111
0.1292,8117,Virtual,Index_FingerTip,-17.562600,1.034666,21.000810,-0.546609,-0.453517,-0.417045,0.567111
0.1292,8117,Virtual,Middle_MCP,-17.616460,1.003349,20.923380,-0.678979,-0.285305,-0.252307,0.627638
0.1292,8117,Virtual,Middle_PIP,-17.578970,1.007083,20.960390,-0.605529,-0.419221,-0.376342,0.562099
0.1292,8117,Virtual,Middle_DIP,-17.568840,1.009429,20.986090,-0.517043,-0.524479,-0.474274,0.482341
0.1292,8117,Virtual,Middle_FingerTip,-17.568850,1.011829,21.014280,-0.517043,-0.524479,-0.474274,0.482341
0.1292,8117,Virtual,Ring_MCP,-17.620530,0.979144,20.924720,-0.701306,-0.270586,-0.243803,0.612792
0.1292,8117,Virtual,Ring_PIP,-17.586340,0.982901,20.956070,-0.642266,-0.390565,-0.348523,0.559897
0.1292,8117,Virtual,Ring_DIP,-17.574430,0.985836,20.979380,-0.571685,-0.488081,-0.433429,0.497084
0.1292,8117,Virtual,Ring_FingerTip,-17.570620,0.989117,21.004680,-0.571685,-0.488081,-0.433429,0.497084
0.1292,8117,Virtual,Pinky_MCP,-17.629220,0.958531,20.924730,-0.712581,-0.268831,-0.245584,0.599706
0.1292,8117,Virtual,Pinky_PIP,-17.600290,0.962019,20.951200,-0.653673,-0.390836,-0.347957,0.546703
0.1292,8117,Virtual,Pinky_DIP,-17.591990,0.964413,20.967390,-0.582903,-0.490169,-0.430764,0.484150
0.1292,8117,Virtual,Pinky_FingerTip,-17.589150,0.967369,20.986100,-0.582903,-0.490169,-0.430764,0.484150
0.1292,8117,Render,Wrist,-17.711090,0.991952,20.867340,-0.710734,-0.193053,-0.167131,0.655481
0.1292,8117,Render,Thumb_CMC,-17.682750,1.024687,20.886460,-0.209755,-0.446148,0.333165,0.803714
0.1292,8117,Render,Thumb_MCP,-17.666070,1.056422,20.911810,-0.151548,-0.469125,0.228668,0.839444
0.1292,8117,Render,Thumb_IP,-17.643750,1.082216,20.947030,-0.041279,-0.491265,0.032460,0.869426
0.1292,8117,Render,Thumb_FingerTip,-17.629070,1.084981,20.971300,-0.041279,-0.491265,0.032460,0.869426
0.1292,8117,Render,Index_MCP,-17.618680,1.030685,20.922860,-0.662197,-0.256817,-0.215726,0.670077
0.1292,8117,Render,Index_PIP,-17.582390,1.033074,20.952350,-0.610430,-0.363091,-0.323876,0.625017
0.1292,8117,Render,Index_DIP,-17.568720,1.034071,20.974400,-0.549331,-0.450216,-0.413621,0.569613
0.1292,8117,Render,Index_FingerTip,-17.561930,1.034701,21.000420,-0.549331,-0.450216,-0.413621,0.569613
0.1292,8117,Render,Middle_MCP,-17.616460,1.003349,20.923380,-0.679351,-0.284418,-0.251487,0.627967
0.1292,8117,Render,Middle_PIP,-17.578870,1.007076,20.960290,-0.606627,-0.417632,-0.374867,0.563084
0.1292,8117,Render,Middle_DIP,-17.568610,1.009419,20.985930,-0.519036,-0.522506,-0.472435,0.484143
0.1292,8117,Render,Middle_FingerTip,-17.568400,1.011823,21.014130,-0.519036,-0.522506,-0.472435,0.484143
0.1292,8117,Render,Ring_MCP,-17.620530,0.979144,20.924720,-0.701634,-0.269734,-0.243059,0.613087
0.1292,8117,Render,Ring_PIP,-17.586260,0.982889,20.955980,-0.643260,-0.388926,-0.347094,0.560785
0.1292,8117,Render,Ring_DIP,-17.574230,0.985815,20.979240,-0.573514,-0.485931,-0.431560,0.498708
0.1292,8117,Render,Ring_FingerTip,-17.570230,0.989090,21.004510,-0.573514,-0.485931,-0.431560,0.498708
0.1292,8117,Render,Pinky_MCP,-17.629220,0.958531,20.924730,-0.712907,-0.267966,-0.244856,0.600004
0.1292,8117,Render,Pinky_PIP,-17.600220,0.962006,20.951130,-0.654668,-0.389167,-0.346561,0.547589
0.1292,8117,Render,Pinky_DIP,-17.591840,0.964391,20.967280,-0.584739,-0.487977,-0.428944,0.485763
0.1292,8117,Render,Pinky_FingerTip,-17.588860,0.967340,20.985970,-0.584739,-0.487977,-0.428944,0.485763
0.1425,8118,Real,Wrist,-17.722820,0.980265,20.872850,-0.707915,-0.211195,-0.179558,0.649625
0.1425,8118,Real,Thumb_CMC,-17.695640,1.013355,20.893010,-0.211137,-0.473759,0.330928,0.788328
0.1425,8118,Real,Thumb_MCP,-17.681060,1.045051,20.919670,-0.147821,-0.497167,0.225744,0.824629
0.1425,8118,Real,Thumb_IP,-17.661260,1.070512,20.956610,-0.028290,-0.517905,0.028016,0.854511
0.1425,8118,Real,Thumb_FingerTip,-17.648090,1.072711,20.981780,-0.028290,-0.517905,0.028016,0.854511
0.1425,8118,Real,Index_MCP,-17.633310,1.020121,20.932190,-0.656477,-0.278989,-0.230623,0.661828
0.1425,8118,Real,Index_PIP,-17.598750,1.022979,20.963670,-0.600016,-0.385718,-0.338947,0.613448
0.1425,8118,Real,Index_DIP,-17.586480,1.024199,20.986510,-0.534444,-0.472405,-0.428219,0.554827
0.1425,8118,Real,Index_FingerTip,-17.581460,1.025000,21.012920,-0.534444,-0.472405,-0.428219,0.554827
0.1425,8118,Real,Middle_MCP,-17.630880,0.992809,20.932990,-0.673296,-0.304004,-0.264854,0.619763
0.1425,8118,Real,Middle_PIP,-17.595240,0.997090,20.971710,-0.595589,-0.437059,-0.387655,0.551342
0.1425,8118,Real,Middle_DIP,-17.586440,0.999673,20.997880,-0.503379,-0.540700,-0.483895,0.469148
0.1425,8118,Real,Middle_FingerTip,-17.587940,1.002228,21.026020,-0.503379,-0.540700,-0.483895,0.469148
0.1425,8118,Real,Ring_MCP,-17.634800,0.968578,20.934280,-0.695884,-0.288987,-0.256866,0.605188
0.1425,8118,Real,Ring_PIP,-17.602180,0.972826,20.967200,-0.633131,-0.408549,-0.360757,0.549625
0.1425,8118,Real,Ring_DIP,-17.591480,0.976008,20.991060,-0.559199,-0.505038,-0.444440,0.484464
0.1425,8118,Real,Ring_FingerTip,-17.589040,0.979470,21.016510,-0.559199,-0.505038,-0.444440,0.484464
0.1425,8118,Real,Pinky_MCP,-17.643310,0.947890,20.934030,-0.707088,-0.287011,-0.258940,0.592116
0.1425,8118,Real,Pinky_PIP,-17.615700,0.951797,20.961830,-0.644508,-0.408605,-0.360464,0.536393
0.1425,8118,Real,Pinky_DIP,-17.608250,0.954365,20.978390,-0.570419,-0.506923,-0.442024,0.471452
0.1425,8118,Real,Pinky_FingerTip,-17.606420,0.957460,20.997220,-0.570419,-0.506923,-0.442024,0.471452
0.1425,8118,Virtual,Wrist,-17.714960,0.991924,20.869220,-0.707221,-0.202808,-0.172450,0.654957
0.1425,8118,Virtual,Thumb_CMC,-17.687300,1.024834,20.889030,-0.204088,-0.466027,0.331154,0.794672
0.1425,8118,Virtual,Thumb_MCP,-17.672100,1.056297,20.915620,-0.141836,-0.488585,0.225144,0.830950
0.1425,8118,Virtual,Thumb_IP,-17.651450,1.081438,20.952300,-0.024462,-0.508168,0.025964,0.860519
0.1425,8118,Virtual,Thumb_FingerTip,-17.637710,1.083421,20.977180,-0.024462,-0.508168,0.025964,0.860519
0.1425,8118,Virtual,Index_MCP,-17.624090,1.031247,20.926820,-0.656336,-0.270252,-0.224391,0.667710
0.1425,8118,Virtual,Index_PIP,-17.588820,1.033827,20.957520,-0.601350,-0.377083,-0.333796,0.620296
0.1425,8118,Virtual,Index_DIP,-17.576030,1.034850,20.980080,-0.537075,-0.464073,-0.424168,0.562378
0.1425,8118,Virtual,Index_FingerTip,-17.570390,1.035425,21.006380,-0.537075,-0.464073,-0.424168,0.562378
0.1425,8118,Virtual,Middle_MCP,-17.621650,1.003928,20.927330,-0.673730,-0.295601,-0.258523,0.625998
0.1425,8118,Virtual,Middle_PIP,-17.585130,1.007870,20.965260,-0.597757,-0.428928,-0.382755,0.558755
0.1425,8118,Virtual,Middle_DIP,-17.575740,1.010227,20.991240,-0.507029,-0.533118,-0.480467,0.477346
0.1425,8118,Virtual,Middle_FingerTip,-17.576590,1.012546,21.019430,-0.507029,-0.533118,-0.480467,0.477346
0.1425,8118,Virtual,Ring_MCP,-17.625560,0.979688,20.928510,-0.696282,-0.280781,-0.250210,0.611350
0.1425,8118,Virtual,Ring_PIP,-17.592190,0.983647,20.960700,-0.634989,-0.400546,-0.355307,0.556875
0.1425,8118,Virtual,Ring_DIP,-17.580950,0.986623,20.984340,-0.562319,-0.497438,-0.440227,0.492497
0.1425,8118,Virtual,Ring_FingerTip,-17.577920,0.989869,21.009760,-0.562319,-0.497438,-0.440227,0.492497
0.1425,8118,Virtual,Pinky_MCP,-17.634080,0.959006,20.928280,-0.707565,-0.278944,-0.252144,0.598303
0.1425,8118,Virtual,Pinky_PIP,-17.605840,0.962669,20.955470,-0.646417,-0.400752,-0.354881,0.543693
0.1425,8118,Virtual,Pinky_DIP,-17.598010,0.965094,20.971880,-0.573566,-0.499479,-0.437688,0.479555
0.1425,8118,Virtual,Pinky_FingerTip,-17.595750,0.968029,20.990680,-0.573566,-0.499479,-0.437688,0.479555
0.1425,8118,Render,Wrist,-17.714960,0.991924,20.869220,-0.707221,-0.202808,-0.172450,0.654957
0.1425,8118,Render,Thumb_CMC,-17.687300,1.024834,20.889030,-0.207423,-0.461378,0.332949,0.795771
0.1425,8118,Render,Thumb_MCP,-17.671820,1.056507,20.915210,-0.146681,-0.484126,0.228387,0.831833
0.1425,8118,Render,Thumb_IP,-17.650890,1.082100,20.951410,-0.031966,-0.504848,0.031909,0.862026
0.1425,8118,Render,Thumb_FingerTip,-17.636980,1.084587,20.976160,-0.031966,-0.504848,0.031909,0.862026
0.1425,8118,Render,Index_MCP,-17.624090,1.031247,20.926820,-0.657176,-0.268202,-0.222305,0.668407
0.1425,8118,Render,Index_PIP,-17.588630,1.033838,20.957290,-0.602924,-0.374560,-0.331195,0.621689
0.1425,8118,Render,Index_DIP,-17.575650,1.034872,20.979750,-0.539458,-0.461300,-0.421266,0.564556
0.1425,8118,Render,Index_FingerTip,-17.569740,1.035465,21.005990,-0.539458,-0.461300,-0.421266,0.564556
0.1425,8118,Render,Middle_MCP,-17.621650,1.003928,20.927330,-0.674208,-0.294510,-0.257509,0.626416
0.1425,8118,Render,Middle_PIP,-17.585010,1.007863,20.965150,-0.598962,-0.427244,-0.381181,0.559830
0.1425,8118,Render,Middle_DIP,-17.575470,1.010219,20.991060,-0.509099,-0.531141,-0.478607,0.479212
0.1425,8118,Render,Middle_FingerTip,-17.576100,1.012542,21.019260,-0.509099,-0.531141,-0.478607,0.479212
0.1425,8118,Render,Ring_MCP,-17.625560,0.979688,20.928510,-0.696705,-0.279732,-0.249289,0.611725
0.1425,8118,Render,Ring_PIP,-17.592090,0.983634,20.960600,-0.636117,-0.398752,-0.353734,0.557876
0.1425,8118,Render,Ring_DIP,-17.580710,0.986601,20.984180,-0.564308,-0.495180,-0.438250,0.494257
0.1425,8118,Render,Ring_FingerTip,-17.577480,0.989843,21.009570,-0.564308,-0.495180,-0.438250,0.494257
0.1425,8118,Render,Pinky_MCP,-17.634080,0.959006,20.928280,-0.707984,-0.277878,-0.251243,0.598682
0.1425,8118,Render,Pinky_PIP,-17.605760,0.962653,20.955390,-0.647546,-0.398926,-0.353345,0.544693
0.1425,8118,Render,Pinky_DIP,-17.597830,0.965070,20.971760,-0.575563,-0.497177,-0.435762,0.481305
0.1425,8118,Render,Pinky_FingerTip,-17.595420,0.967998,20.990530,-0.575563,-0.497177,-0.435762,0.481305
0.1569,8119,Real,Wrist,-17.726990,0.980082,20.874180,-0.708975,-0.219626,-0.186771,0.643612
0.1569,8119,Real,Thumb_CMC,-17.700290,1.013372,20.894640,-0.218328,-0.481533,0.329870,0.782077
0.1569,8119,Real,Thumb_MCP,-17.686290,1.045261,20.921390,-0.153624,-0.505906,0.224992,0.818436
0.1569,8119,Real,Thumb_IP,-17.667330,1.070939,20.958610,-0.031308,-0.527789,0.027764,0.848344
0.1569,8119,Real,Thumb_FingerTip,-17.654750,1.073224,20.984080,-0.031308,-0.527789,0.027764,0.848344
0.1569,8119,Real,Index_MCP,-17.638890,1.020528,20.935200,-0.656661,-0.288598,-0.237684,0.654992
0.1569,8119,Real,Index_PIP,-17.605150,1.023697,20.967520,-0.598295,-0.395647,-0.345185,0.605272
0.1569,8119,Real,Index_DIP,-17.593500,1.025139,20.990680,-0.530925,-0.482298,-0.433492,0.545521
0.1569,8119,Real,Index_FingerTip,-17.589230,1.026193,21.017210,-0.530925,-0.482298,-0.433492,0.545521
0.1569,8119,Real,Middle_MCP,-17.636480,0.993226,20.936320,-0.673063,-0.312836,-0.271502,0.612704
0.1569,8119,Real,Middle_PIP,-17.601800,0.997895,20.975860,-0.593362,-0.445873,-0.392898,0.542910
0.1569,8119,Real,Middle_DIP,-17.593650,1.000736,21.002210,-0.499358,-0.549110,-0.487624,0.459720
0.1569,8119,Real,Middle_FingerTip,-17.595870,1.003568,21.030280,-0.499358,-0.549110,-0.487624,0.459720
0.1569,8119,Real,Ring_MCP,-17.640430,0.969008,20.937770,-0.695711,-0.297543,-0.263778,0.598227
0.1569,8119,Real,Ring_PIP,-17.608610,0.973588,20.971410,-0.631316,-0.417115,-0.366468,0.541439
0.1569,8119,Real,Ring_DIP,-17.598510,0.977008,20.995500,-0.555900,-0.513343,-0.448882,0.475352
0.1569,8119,Real,Ring_FingerTip,-17.596700,0.980723,21.020970,-0.555900,-0.513343,-0.448882,0.475352
0.1569,8119,Real,Pinky_MCP,-17.648940,0.948318,20.937520,-0.706826,-0.295430,-0.265987,0.585123
0.1569,8119,Real,Pinky_PIP,-17.622000,0.952506,20.965930,-0.642631,-0.417023,-0.366299,0.528151
0.1569,8119,Real,Pinky_DIP,-17.614970,0.955241,20.982660,-0.567081,-0.515073,-0.446575,0.462265
0.1569,8119,Real,Pinky_FingerTip,-17.613620,0.958523,21.001480,-0.567081,-0.515073,-0.446575,0.462265
0.1569,8119,Virtual,Wrist,-17.718620,0.991768,20.870990,-0.707915,-0.211195,-0.179558,0.649625
0.1569,8119,Virtual,Thumb_CMC,-17.691440,1.024858,20.891140,-0.210593,-0.474006,0.330029,0.788702
0.1569,8119,Virtual,Thumb_MCP,-17.676830,1.056484,20.917870,-0.146937,-0.497434,0.224286,0.825024
0.1569,8119,Virtual,Thumb_IP,-17.656990,1.081797,20.954890,-0.026783,-0.517990,0.025540,0.854586
0.1569,8119,Virtual,Thumb_FingerTip,-17.643830,1.083832,20.980080,-0.026783,-0.517990,0.025540,0.854586
0.1569,8119,Virtual,Index_MCP,-17.629110,1.031624,20.930330,-0.656142,-0.279777,-0.231417,0.661551
0.1569,8119,Virtual,Index_PIP,-17.594630,1.034479,20.961880,-0.599277,-0.386864,-0.340120,0.612799
0.1569,8119,Virtual,Index_DIP,-17.582450,1.035694,20.984770,-0.533236,-0.473768,-0.429634,0.553731
0.1569,8119,Virtual,Index_FingerTip,-17.577550,1.036486,21.011210,-0.533236,-0.473768,-0.429634,0.553731
0.1569,8119,Virtual,Middle_MCP,-17.626680,1.004312,20.931120,-0.673145,-0.304339,-0.265162,0.619631
0.1569,8119,Virtual,Middle_PIP,-17.591080,1.008596,20.969890,-0.595208,-0.437578,-0.388136,0.551003
0.1569,8119,Virtual,Middle_DIP,-17.582330,1.011179,20.996060,-0.502725,-0.541308,-0.484462,0.468562
0.1569,8119,Virtual,Middle_FingerTip,-17.583900,1.013733,21.024200,-0.502725,-0.541308,-0.484462,0.468562
0.1569,8119,Virtual,Ring_MCP,-17.630600,0.980081,20.932420,-0.695772,-0.289255,-0.257099,0.605089
0.1569,8119,Virtual,Ring_PIP,-17.598000,0.984333,20.965360,-0.632859,-0.408972,-0.361123,0.549384
0.1569,8119,Virtual,Ring_DIP,-17.587340,0.987517,20.989240,-0.558734,-0.505554,-0.444887,0.484055
0.1569,8119,Virtual,Ring_FingerTip,-17.584950,0.990980,21.014690,-0.558734,-0.505554,-0.444887,0.484055
0.1569,8119,Virtual,Pinky_MCP,-17.639110,0.959393,20.932170,-0.706977,-0.287284,-0.259168,0.592017
0.1569,8119,Virtual,Pinky_PIP,-17.611520,0.963304,20.959990,-0.644236,-0.409035,-0.360822,0.536152
0.1569,8119,Virtual,Pinky_DIP,-17.604100,0.965875,20.976560,-0.569952,-0.507448,-0.442458,0.471044
0.1569,8119,Virtual,Pinky_FingerTip,-17.602300,0.968971,20.995380,-0.569952,-0.507448,-0.442458,0.471044
0.1569,8119,Render,Wrist,-17.718620,0.991768,20.870990,-0.707915,-0.211195,-0.179558,0.649625
0.1569,8119,Render,Thumb_CMC,-17.691440,1.024858,20.891140,-0.144705,-0.500292,0.214941,0.826177
0.1569,8119,Render,Thumb_MCP,-17.673570,1.046811,20.924720,-0.104746,-0.510157,0.149028,0.840571
0.1569,8119,Render,Thumb_IP,-17.652240,1.064336,20.965230,-0.030394,-0.519911,0.026765,0.853260
0.1569,8119,Render,Thumb_FingerTip,-17.639190,1.066538,20.990470,-0.030394,-0.519911,0.026765,0.853260
0.1569,8119,Render,Index_MCP,-17.629110,1.031624,20.930330,-0.656477,-0.278989,-0.230623,0.661829
0.1569,8119,Render,Index_PIP,-17.594550,1.034482,20.961800,-0.600016,-0.385718,-0.338947,0.613448
0.1569,8119,Render,Index_DIP,-17.582290,1.035703,20.984640,-0.534444,-0.472405,-0.428219,0.554827
0.1569,8119,Render,Index_FingerTip,-17.577260,1.036504,21.011060,-0.534444,-0.472405,-0.428219,0.554827
0.1569,8119,Render,Middle_MCP,-17.626680,1.004312,20.931120,-0.673296,-0.304004,-0.264854,0.619763
0.1569,8119,Render,Middle_PIP,-17.591040,1.008594,20.969850,-0.595589,-0.437059,-0.387655,0.551342
0.1569,8119,Render,Middle_DIP,-17.582240,1.011176,20.996010,-0.503379,-0.540700,-0.483895,0.469148
0.1569,8119,Render,Middle_FingerTip,-17.583740,1.013732,21.024150,-0.503379,-0.540700,-0.483895,0.469148
0.1569,8119,Render,Ring_MCP,-17.630600,0.980081,20.932420,-0.695884,-0.288987,-0.256866,0.605188
0.1569,8119,Render,Ring_PIP,-17.597980,0.984330,20.965330,-0.633131,-0.408549,-0.360757,0.549625
0.1569,8119,Render,Ring_DIP,-17.587280,0.987511,20.989200,-0.559199,-0.505038,-0.444440,0.484464
0.1569,8119,Render,Ring_FingerTip,-17.584840,0.990974,21.014650,-0.559199,-0.505038,-0.444440,0.484464
0.1569,8119,Render,Pinky_MCP,-17.639110,0.959393,20.932170,-0.707088,-0.287011,-0.258940,0.592116
0.1569,8119,Render,Pinky_PIP,-17.611500,0.963300,20.959960,-0.644508,-0.408605,-0.360464,0.536393
0.1569,8119,Render,Pinky_DIP,-17.604050,0.965869,20.976530,-0.570419,-0.506923,-0.442024,0.471451
0.1569,8119,Render,Pinky_FingerTip,-17.602220,0.968963,20.995350,-0.570419,-0.506923,-0.442024,0.471451
0.1717,8120,Real,Wrist,-17.730710,0.979768,20.875680,-0.708993,-0.227799,-0.193428,0.638767
0.1717,8120,Real,Thumb_CMC,-17.704500,1.013234,20.896490,-0.223393,-0.489584,0.327993,0.776418
0.1717,8120,Real,Thumb_MCP,-17.691080,1.045204,20.923440,-0.157442,-0.514596,0.223629,0.812646
0.1717,8120,Real,Thumb_IP,-17.672920,1.070970,20.960990,-0.032707,-0.537147,0.027342,0.842411
0.1717,8120,Real,Thumb_FingerTip,-17.660910,1.073284,20.986730,-0.032707,-0.537147,0.027342,0.842411
0.1717,8120,Real,Index_MCP,-17.644020,1.020754,20.938340,-0.655332,-0.298772,-0.245226,0.648953
0.1717,8120,Real,Index_PIP,-17.611180,1.024187,20.971550,-0.595550,-0.405025,-0.351170,0.598294
0.1717,8120,Real,Index_DIP,-17.600140,1.025802,20.994990,-0.527097,-0.490809,-0.437997,0.537992
0.1717,8120,Real,Index_FingerTip,-17.596520,1.027043,21.021620,-0.527097,-0.490809,-0.437997,0.537992
0.1717,8120,Real,Middle_MCP,-17.641600,0.993463,20.939700,-0.671713,-0.321504,-0.277959,0.606775
0.1717,8120,Real,Middle_PIP,-17.607870,0.998458,20.980020,-0.590515,-0.453713,-0.397658,0.536009
0.1717,8120,Real,Middle_DIP,-17.600330,1.001495,21.006530,-0.495396,-0.556009,-0.490761,0.452317
0.1717,8120,Real,Middle_FingerTip,-17.603160,1.004521,21.034520,-0.495396,-0.556009,-0.490761,0.452317
0.1717,8120,Real,Ring_MCP,-17.645560,0.969251,20.941230,-0.694472,-0.305930,-0.270428,0.592440
0.1717,8120,Real,Ring_PIP,-17.614540,0.974114,20.975580,-0.628802,-0.424844,-0.371720,0.534734
0.1717,8120,Real,Ring_DIP,-17.604980,0.977716,20.999870,-0.552398,-0.520328,-0.452783,0.468085
0.1717,8120,Real,Ring_FingerTip,-17.603730,0.981611,21.025340,-0.552398,-0.520328,-0.452783,0.468085
0.1717,8120,Real,Pinky_MCP,-17.654030,0.948549,20.940940,-0.705519,-0.303694,-0.272766,0.579321
0.1717,8120,Real,Pinky_PIP,-17.627780,0.952978,20.969950,-0.640070,-0.424613,-0.371681,0.521409
0.1717,8120,Real,Pinky_DIP,-17.621120,0.955839,20.986800,-0.563557,-0.521910,-0.450605,0.454938
0.1717,8120,Real,Pinky_FingerTip,-17.620180,0.959254,21.005630,-0.563557,-0.521910,-0.450605,0.454938
0.1717,8120,Virtual,Wrist,-17.722620,0.991760,20.872550,-0.708975,-0.219626,-0.186771,0.643612
0.1717,8120,Virtual,Thumb_CMC,-17.695910,1.025050,20.893010,-0.217324,-0.481996,0.328251,0.782753
0.1717,8120,Virtual,Thumb_MCP,-17.681870,1.056814,20.919880,-0.152419,-0.506279,0.223057,0.818960
0.1717,8120,Virtual,Thumb_IP,-17.662860,1.082294,20.957200,-0.029768,-0.527886,0.025308,0.848416
0.1717,8120,Virtual,Thumb_FingerTip,-17.650280,1.084414,20.982690,-0.029768,-0.527886,0.025308,0.848416
0.1717,8120,Virtual,Index_MCP,-17.634520,1.032206,20.933570,-0.655896,-0.290332,-0.239413,0.654362
0.1717,8120,Virtual,Index_PIP,-17.600950,1.035369,20.966070,-0.597530,-0.396800,-0.346352,0.604605
0.1717,8120,Virtual,Index_DIP,-17.589400,1.036806,20.989260,-0.530303,-0.482981,-0.434194,0.544962
0.1717,8120,Virtual,Index_FingerTip,-17.585190,1.037856,21.015810,-0.530303,-0.482981,-0.434194,0.544962
0.1717,8120,Virtual,Middle_MCP,-17.632110,1.004904,20.934680,-0.672800,-0.313403,-0.272018,0.612475
0.1717,8120,Virtual,Middle_PIP,-17.597490,1.009578,20.974280,-0.593256,-0.446013,-0.393026,0.542817
0.1717,8120,Virtual,Middle_DIP,-17.589360,1.012419,21.000630,-0.499527,-0.548957,-0.487483,0.459870
0.1717,8120,Virtual,Middle_FingerTip,-17.591570,1.015252,21.028700,-0.499527,-0.548957,-0.487483,0.459870
0.1717,8120,Virtual,Ring_MCP,-17.636060,0.980686,20.936130,-0.695514,-0.298002,-0.264172,0.598054
0.1717,8120,Virtual,Ring_PIP,-17.604290,0.985273,20.969820,-0.631241,-0.417229,-0.366565,0.541373
0.1717,8120,Virtual,Ring_DIP,-17.594190,0.988693,20.993910,-0.556029,-0.513203,-0.448762,0.475466
0.1717,8120,Virtual,Ring_FingerTip,-17.592370,0.992408,21.019380,-0.556029,-0.513203,-0.448762,0.475466
0.1717,8120,Virtual,Pinky_MCP,-17.644570,0.959997,20.935880,-0.706631,-0.295895,-0.266372,0.584948
0.1717,8120,Virtual,Pinky_PIP,-17.617680,0.964192,20.964330,-0.642556,-0.417138,-0.366394,0.528086
0.1717,8120,Virtual,Pinky_DIP,-17.610640,0.966927,20.981060,-0.567211,-0.514930,-0.446459,0.462378
0.1717,8120,Virtual,Pinky_FingerTip,-17.609280,0.970208,20.999880,-0.567211,-0.514930,-0.446459,0.462378
0.1717,8120,Render,Wrist,-17.722620,0.991760,20.872550,-0.708975,-0.219626,-0.186771,0.643612
0.1717,8120,Render,Thumb_CMC,-17.695910,1.025050,20.893010,-0.151288,-0.508824,0.215688,0.819566
0.1717,8120,Render,Thumb_MCP,-17.678830,1.047335,20.926770,-0.110635,-0.519182,0.150295,0.834040
0.1717,8120,Render,Thumb_IP,-17.658440,1.065259,20.967600,-0.034926,-0.529688,0.028957,0.846978
0.1717,8120,Render,Thumb_FingerTip,-17.645990,1.067712,20.993110,-0.034926,-0.529688,0.028957,0.846978
0.1717,8120,Render,Index_MCP,-17.634520,1.032206,20.933570,-0.656661,-0.288599,-0.237684,0.654992
0.1717,8120,Render,Index_PIP,-17.600780,1.035375,20.965890,-0.598294,-0.395647,-0.345185,0.605273
0.1717,8120,Render,Index_DIP,-17.589140,1.036817,20.989040,-0.530925,-0.482298,-0.433492,0.545521
0.1717,8120,Render,Index_FingerTip,-17.584860,1.037871,21.015580,-0.530925,-0.482298,-0.433492,0.545521
0.1717,8120,Render,Middle_MCP,-17.632110,1.004904,20.934680,-0.673063,-0.312837,-0.271502,0.612704
0.1717,8120,Render,Middle_PIP,-17.597420,1.009573,20.974230,-0.593362,-0.445873,-0.392898,0.542910
0.1717,8120,Render,Middle_DIP,-17.589280,1.012415,21.000570,-0.499358,-0.549111,-0.487624,0.459720
0.1717,8120,Render,Middle_FingerTip,-17.591510,1.015246,21.028640,-0.499358,-0.549111,-0.487624,0.459720
0.1717,8120,Render,Ring_MCP,-17.636060,0.980686,20.936130,-0.695711,-0.297544,-0.263778,0.598227
0.1717,8120,Render,Ring_PIP,-17.604240,0.985266,20.969780,-0.631316,-0.417116,-0.366468,0.541439
0.1717,8120,Render,Ring_DIP,-17.594140,0.988686,20.993870,-0.555900,-0.513343,-0.448882,0.475353
0.1717,8120,Render,Ring_FingerTip,-17.592340,0.992401,21.019340,-0.555900,-0.513343,-0.448882,0.475353
0.1717,8120,Render,Pinky_MCP,-17.644570,0.959997,20.935880,-0.706826,-0.295430,-0.265987,0.585124
0.1717,8120,Render,Pinky_PIP,-17.617640,0.964184,20.964300,-0.642630,-0.417023,-0.366299,0.528151
0.1717,8120,Render,Pinky_DIP,-17.610590,0.966919,20.981020,-0.567081,-0.515073,-0.446575,0.462266
0.1717,8120,Render,Pinky_FingerTip,-17.609250,0.970201,20.999840,-0.567081,-0.515073,-0.446575,0.462266
0.1893,8121,Real,Wrist,-17.735210,0.979795,20.876590,-0.709099,-0.236536,-0.200092,0.633398
0.1893,8121,Real,Thumb_CMC,-17.709540,1.013477,20.897730,-0.229266,-0.496964,0.326282,0.770717
0.1893,8121,Real,Thumb_MCP,-17.696670,1.045567,20.924800,-0.162551,-0.522602,0.223067,0.806663
0.1893,8121,Real,Thumb_IP,-17.679300,1.071543,20.962580,-0.036274,-0.546096,0.028919,0.836438
0.1893,8121,Real,Thumb_FingerTip,-17.667850,1.074051,20.988560,-0.036274,-0.546096,0.028919,0.836438
0.1893,8121,Real,Index_MCP,-17.650050,1.021445,20.940900,-0.653638,-0.310297,-0.253442,0.642060
0.1893,8121,Real,Index_PIP,-17.618260,1.025200,20.975070,-0.592381,-0.415466,-0.357474,0.590496
0.1893,8121,Real,Index_DIP,-17.607890,1.027019,20.998800,-0.522859,-0.500145,-0.442534,0.529752
0.1893,8121,Real,Index_FingerTip,-17.604990,1.028475,21.025500,-0.522859,-0.500145,-0.442534,0.529752
0.1893,8121,Real,Middle_MCP,-17.647630,0.994171,20.942530,-0.670347,-0.330765,-0.284366,0.600305
0.1893,8121,Real,Middle_PIP,-17.614910,0.999559,20.983640,-0.587944,-0.461619,-0.401801,0.528948
0.1893,8121,Real,Middle_DIP,-17.607960,1.002823,21.010270,-0.492145,-0.562640,-0.492919,0.445265
0.1893,8121,Real,Middle_FingerTip,-17.611330,1.006073,21.038180,-0.492145,-0.562640,-0.492919,0.445265
0.1893,8121,Real,Ring_MCP,-17.651580,0.969964,20.944170,-0.693235,-0.314873,-0.277021,0.586123
0.1893,8121,Real,Ring_PIP,-17.621410,0.975168,20.979220,-0.626526,-0.432649,-0.376429,0.527809
0.1893,8121,Real,Ring_DIP,-17.612390,0.978982,21.003680,-0.549484,-0.527054,-0.455807,0.461001
0.1893,8121,Real,Ring_FingerTip,-17.611650,0.983083,21.029140,-0.549484,-0.527054,-0.455807,0.461001
0.1893,8121,Real,Pinky_MCP,-17.660010,0.949245,20.943860,-0.704204,-0.312511,-0.279498,0.572987
0.1893,8121,Real,Pinky_PIP,-17.634470,0.953964,20.973450,-0.637740,-0.432267,-0.376541,0.514442
0.1893,8121,Real,Pinky_DIP,-17.628190,0.956971,20.990430,-0.560616,-0.528467,-0.453785,0.447786
0.1893,8121,Real,Pinky_FingerTip,-17.627620,0.960537,21.009240,-0.560616,-0.528467,-0.453785,0.447786
0.1893,8121,Virtual,Wrist,-17.726190,0.991858,20.873980,-0.708993,-0.227799,-0.193428,0.638767
0.1893,8121,Virtual,Thumb_CMC,-17.699970,1.025325,20.894800,-0.222810,-0.489177,0.326211,0.777591
0.1893,8121,Virtual,Thumb_MCP,-17.686430,1.057174,20.921820,-0.157165,-0.514041,0.222101,0.813469
0.1893,8121,Virtual,Thumb_IP,-17.668140,1.082813,20.959400,-0.033032,-0.536514,0.026394,0.842831
0.1893,8121,Virtual,Thumb_FingerTip,-17.656090,1.085091,20.985130,-0.033032,-0.536514,0.026394,0.842831
0.1893,8121,Virtual,Index_MCP,-17.639490,1.032844,20.936650,-0.654179,-0.301288,-0.247718,0.648006
0.1893,8121,Virtual,Index_PIP,-17.606920,1.036270,20.970110,-0.594424,-0.406675,-0.352828,0.597318
0.1893,8121,Virtual,Index_DIP,-17.596010,1.037878,20.993600,-0.526206,-0.491764,-0.438971,0.537197
0.1893,8121,Virtual,Index_FingerTip,-17.592490,1.039113,21.020240,-0.526206,-0.491764,-0.438971,0.537197
0.1893,8121,Virtual,Middle_MCP,-17.637080,1.005553,20.938010,-0.671430,-0.322095,-0.278494,0.606530
0.1893,8121,Virtual,Middle_PIP,-17.603420,1.010554,20.978390,-0.590788,-0.453357,-0.397335,0.536248
0.1893,8121,Virtual,Middle_DIP,-17.595850,1.013590,21.004880,-0.496471,-0.555049,-0.489885,0.453266
0.1893,8121,Virtual,Middle_FingerTip,-17.598570,1.016619,21.032890,-0.496471,-0.555049,-0.489885,0.453266
0.1893,8121,Virtual,Ring_MCP,-17.641040,0.981342,20.939540,-0.694275,-0.306377,-0.270809,0.592266
0.1893,8121,Virtual,Ring_PIP,-17.610060,0.986211,20.973930,-0.629053,-0.424472,-0.371403,0.534954
0.1893,8121,Virtual,Ring_DIP,-17.600480,0.989811,20.998200,-0.553284,-0.519385,-0.451985,0.468856
0.1893,8121,Virtual,Ring_FingerTip,-17.599140,0.993705,21.023670,-0.553284,-0.519385,-0.451985,0.468856
0.1893,8121,Virtual,Pinky_MCP,-17.649510,0.960640,20.939250,-0.705323,-0.304148,-0.273139,0.579145
0.1893,8121,Virtual,Pinky_PIP,-17.623300,0.965076,20.968290,-0.640322,-0.424234,-0.371372,0.521629
0.1893,8121,Virtual,Pinky_DIP,-17.616620,0.967935,20.985140,-0.564446,-0.520948,-0.449829,0.455706
0.1893,8121,Virtual,Pinky_FingerTip,-17.615610,0.971347,21.003960,-0.564446,-0.520948,-0.449829,0.455706
0.1893,8121,Render,Wrist,-17.726190,0.991858,20.873980,-0.708993,-0.227799,-0.193428,0.638767
0.1893,8121,Render,Thumb_CMC,-17.699970,1.025325,20.894800,-0.156231,-0.517172,0.216283,0.813233
0.1893,8121,Render,Thumb_MCP,-17.683660,1.047868,20.928760,-0.114903,-0.527894,0.151388,0.827772
0.1893,8121,Render,Thumb_IP,-17.664200,1.066104,20.969910,-0.037899,-0.538924,0.030939,0.840933
0.1893,8121,Render,Thumb_FingerTip,-17.652320,1.068751,20.995670,-0.037899,-0.538924,0.030939,0.840933
0.1893,8121,Render,Index_MCP,-17.639490,1.032844,20.936650,-0.655332,-0.298772,-0.245226,0.648953
0.1893,8121,Render,Index_PIP,-17.606660,1.036277,20.969860,-0.595550,-0.405025,-0.351170,0.598294
0.1893,8121,Render,Index_DIP,-17.595620,1.037892,20.993290,-0.527097,-0.490809,-0.437997,0.537991
0.1893,8121,Render,Index_FingerTip,-17.592000,1.039133,21.019920,-0.527097,-0.490809,-0.437997,0.537991
0.1893,8121,Render,Middle_MCP,-17.637080,1.005553,20.938010,-0.671713,-0.321504,-0.277960,0.606775
0.1893,8121,Render,Middle_PIP,-17.603350,1.010549,20.978330,-0.590515,-0.453713,-0.397658,0.536009
0.1893,8121,Render,Middle_DIP,-17.595810,1.013586,21.004830,-0.495396,-0.556009,-0.490761,0.452317
0.1893,8121,Render,Middle_FingerTip,-17.598640,1.016612,21.032830,-0.495396,-0.556009,-0.490761,0.452317
0.1893,8121,Render,Ring_MCP,-17.641040,0.981342,20.939540,-0.694472,-0.305930,-0.270428,0.592440
0.1893,8121,Render,Ring_PIP,-17.610020,0.986204,20.973890,-0.628802,-0.424844,-0.371720,0.534734
0.1893,8121,Render,Ring_DIP,-17.600460,0.989807,20.998170,-0.552398,-0.520328,-0.452784,0.468085
0.1893,8121,Render,Ring_FingerTip,-17.599210,0.993702,21.023650,-0.552398,-0.520328,-0.452784,0.468085
0.1893,8121,Render,Pinky_MCP,-17.649510,0.960640,20.939250,-0.705519,-0.303694,-0.272766,0.579321
0.1893,8121,Render,Pinky_PIP,-17.623260,0.965068,20.968260,-0.640070,-0.424613,-0.371681,0.521409
0.1893,8121,Render,Pinky_DIP,-17.616600,0.967930,20.985110,-0.563557,-0.521909,-0.450605,0.454938
0.1893,8121,Render,Pinky_FingerTip,-17.615650,0.971345,21.003940,-0.563557,-0.521909,-0.450605,0.454938
0.2043,8122,Real,Wrist,-17.740130,0.980106,20.876930,-0.709324,-0.246107,-0.206355,0.627462
0.2043,8122,Real,Thumb_CMC,-17.715070,1.014071,20.898350,-0.236020,-0.504866,0.327131,0.763145
0.2043,8122,Real,Thumb_MCP,-17.702940,1.046460,20.925400,-0.168218,-0.531317,0.224896,0.799267
0.2043,8122,Real,Thumb_IP,-17.686560,1.072851,20.963340,-0.039754,-0.555891,0.032421,0.829671
0.2043,8122,Real,Thumb_FingerTip,-17.675730,1.075644,20.989550,-0.039754,-0.555891,0.032421,0.829671
0.2043,8122,Real,Index_MCP,-17.656650,1.022645,20.942840,-0.653160,-0.320132,-0.258675,0.635599
0.2043,8122,Real,Index_PIP,-17.625690,1.026830,20.977720,-0.590260,-0.425082,-0.361551,0.583249
0.2043,8122,Real,Index_DIP,-17.615890,1.028908,21.001670,-0.519311,-0.509331,-0.445470,0.521973
0.2043,8122,Real,Index_FingerTip,-17.613620,1.030629,21.028420,-0.519311,-0.509331,-0.445470,0.521973
0.2043,8122,Real,Middle_MCP,-17.654180,0.995396,20.944800,-0.669268,-0.340278,-0.289763,0.593573
0.2043,8122,Real,Middle_PIP,-17.622470,1.001283,20.986610,-0.584931,-0.470706,-0.405697,0.521250
0.2043,8122,Real,Middle_DIP,-17.616160,1.004823,21.013370,-0.487499,-0.571011,-0.495320,0.436977
0.2043,8122,Real,Middle_FingerTip,-17.620200,1.008328,21.041160,-0.487499,-0.571011,-0.495320,0.436977
0.2043,8122,Real,Ring_MCP,-17.658090,0.971194,20.946570,-0.692198,-0.324220,-0.282788,0.579460
0.2043,8122,Real,Ring_PIP,-17.628780,0.976830,20.982270,-0.623850,-0.441665,-0.380925,0.520230
0.2043,8122,Real,Ring_DIP,-17.620360,0.980906,21.006900,-0.545405,-0.535528,-0.459036,0.452801
0.2043,8122,Real,Ring_FingerTip,-17.620230,0.985252,21.032330,-0.545405,-0.535528,-0.459036,0.452801
0.2043,8122,Real,Pinky_MCP,-17.666450,0.950445,20.946250,-0.703078,-0.321732,-0.285428,0.566304
0.2043,8122,Real,Pinky_PIP,-17.641650,0.955529,20.976400,-0.634999,-0.441143,-0.381193,0.506814
0.2043,8122,Real,Pinky_DIP,-17.635770,0.958718,20.993480,-0.556495,-0.536791,-0.457161,0.439515
0.2043,8122,Real,Pinky_FingerTip,-17.635660,0.962465,21.012280,-0.556495,-0.536791,-0.457161,0.439515
0.2043,8122,Virtual,Wrist,-17.730580,0.991881,20.875230,-0.709099,-0.236536,-0.200092,0.633398
0.2043,8122,Virtual,Thumb_CMC,-17.704910,1.025563,20.896370,-0.229266,-0.496964,0.326282,0.770717
0.2043,8122,Virtual,Thumb_MCP,-17.692040,1.057653,20.923440,-0.162551,-0.522603,0.223067,0.806663
0.2043,8122,Virtual,Thumb_IP,-17.674670,1.083629,20.961220,-0.036274,-0.546096,0.028919,0.836438
0.2043,8122,Virtual,Thumb_FingerTip,-17.663210,1.086137,20.987200,-0.036274,-0.546096,0.028919,0.836438
0.2043,8122,Virtual,Index_MCP,-17.645420,1.033531,20.939540,-0.653638,-0.310297,-0.253442,0.642060
0.2043,8122,Virtual,Index_PIP,-17.613620,1.037286,20.973710,-0.592381,-0.415466,-0.357475,0.590496
0.2043,8122,Virtual,Index_DIP,-17.603260,1.039105,20.997440,-0.522859,-0.500145,-0.442534,0.529752
0.2043,8122,Virtual,Index_FingerTip,-17.600360,1.040561,21.024140,-0.522859,-0.500145,-0.442534,0.529752
0.2043,8122,Virtual,Middle_MCP,-17.642990,1.006257,20.941170,-0.670347,-0.330765,-0.284366,0.600305
0.2043,8122,Virtual,Middle_PIP,-17.610280,1.011645,20.982280,-0.587944,-0.461619,-0.401801,0.528948
0.2043,8122,Virtual,Middle_DIP,-17.603330,1.014909,21.008910,-0.492145,-0.562640,-0.492919,0.445265
0.2043,8122,Virtual,Middle_FingerTip,-17.606700,1.018159,21.036820,-0.492145,-0.562640,-0.492919,0.445265
0.2043,8122,Virtual,Ring_MCP,-17.646940,0.982051,20.942810,-0.693235,-0.314873,-0.277021,0.586124
0.2043,8122,Virtual,Ring_PIP,-17.616780,0.987254,20.977860,-0.626525,-0.432649,-0.376429,0.527809
0.2043,8122,Virtual,Ring_DIP,-17.607760,0.991068,21.002320,-0.549484,-0.527054,-0.455807,0.461001
0.2043,8122,Virtual,Ring_FingerTip,-17.607020,0.995169,21.027780,-0.549484,-0.527054,-0.455807,0.461001
0.2043,8122,Virtual,Pinky_MCP,-17.655380,0.961331,20.942500,-0.704204,-0.312512,-0.279498,0.572987
0.2043,8122,Virtual,Pinky_PIP,-17.629840,0.966050,20.972090,-0.637740,-0.432267,-0.376541,0.514442
0.2043,8122,Virtual,Pinky_DIP,-17.623560,0.969057,20.989070,-0.560616,-0.528467,-0.453785,0.447787
0.2043,8122,Virtual,Pinky_FingerTip,-17.622990,0.972623,21.007880,-0.560616,-0.528467,-0.453785,0.447787
0.2043,8122,Render,Wrist,-17.730580,0.991881,20.875230,-0.709099,-0.236536,-0.200092,0.633398
0.2043,8122,Render,Thumb_CMC,-17.704910,1.025563,20.896370,-0.229266,-0.496964,0.326282,0.770717
0.2043,8122,Render,Thumb_MCP,-17.692040,1.057653,20.923440,-0.162551,-0.522603,0.223067,0.806663
0.2043,8122,Render,Thumb_IP,-17.674670,1.083629,20.961220,-0.036274,-0.546096,0.028919,0.836438
0.2043,8122,Render,Thumb_FingerTip,-17.663210,1.086137,20.987200,-0.036274,-0.546096,0.028919,0.836438
0.2043,8122,Render,Index_MCP,-17.645420,1.033531,20.939540,-0.653638,-0.310297,-0.253442,0.642060
0.2043,8122,Render,Index_PIP,-17.613620,1.037286,20.973710,-0.592381,-0.415466,-0.357475,0.590496
0.2043,8122,Render,Index_DIP,-17.603260,1.039105,20.997440,-0.522859,-0.500145,-0.442534,0.529752
0.2043,8122,Render,Index_FingerTip,-17.600360,1.040561,21.024140,-0.522859,-0.500145,-0.442534,0.529752
0.2043,8122,Render,Middle_MCP,-17.642990,1.006257,20.941170,-0.670347,-0.330765,-0.284366,0.600305
0.2043,8122,Render,Middle_PIP,-17.610280,1.011645,20.982280,-0.587944,-0.461619,-0.401801,0.528948
0.2043,8122,Render,Middle_DIP,-17.603330,1.014909,21.008910,-0.492145,-0.562640,-0.492919,0.445265
0.2043,8122,Render,Middle_FingerTip,-17.606700,1.018159,21.036820,-0.492145,-0.562640,-0.492919,0.445265
0.2043,8122,Render,Ring_MCP,-17.646940,0.982051,20.942810,-0.693235,-0.314873,-0.277021,0.586124
0.2043,8122,Render,Ring_PIP,-17.616780,0.987254,20.977860,-0.626525,-0.432649,-0.376429,0.527809
0.2043,8122,Render,Ring_DIP,-17.607760,0.991068,21.002320,-0.549484,-0.527054,-0.455807,0.461001
0.2043,8122,Render,Ring_FingerTip,-17.607020,0.995169,21.027780,-0.549484,-0.527054,-0.455807,0.461001
0.2043,8122,Render,Pinky_MCP,-17.655380,0.961331,20.942500,-0.704204,-0.312512,-0.279498,0.572987
0.2043,8122,Render,Pinky_PIP,-17.629840,0.966050,20.972090,-0.637740,-0.432267,-0.376541,0.514442
0.2043,8122,Render,Pinky_DIP,-17.623560,0.969057,20.989070,-0.560616,-0.528467,-0.453785,0.447787
0.2043,8122,Render,Pinky_FingerTip,-17.622990,0.972623,21.007880,-0.560616,-0.528467,-0.453785,0.447787
0.2190,8123,Real,Wrist,-17.748910,0.979982,20.878820,-0.707753,-0.263129,-0.218050,0.618308
0.2190,8123,Real,Thumb_CMC,-17.725020,1.014373,20.900870,-0.245589,-0.520487,0.327265,0.749452
0.2190,8123,Real,Thumb_MCP,-17.714300,1.047139,20.928070,-0.176022,-0.547939,0.227317,0.785562
0.2190,8123,Real,Thumb_IP,-17.699780,1.074107,20.966360,-0.044132,-0.573823,0.038914,0.816863
0.2190,8123,Real,Thumb_FingerTip,-17.690130,1.077363,20.992980,-0.044132,-0.573823,0.038914,0.816863
0.2190,8123,Real,Index_MCP,-17.668620,1.023879,20.947730,-0.649555,-0.338855,-0.270016,0.624778
0.2190,8123,Real,Index_PIP,-17.639370,1.028694,20.983980,-0.583726,-0.442728,-0.370714,0.570813
0.2190,8123,Real,Index_DIP,-17.630720,1.031124,21.008340,-0.510356,-0.525624,-0.452487,0.508440
0.2190,8123,Real,Index_FingerTip,-17.629710,1.033179,21.035140,-0.510356,-0.525624,-0.452487,0.508440
0.2190,8123,Real,Middle_MCP,-17.666070,0.996673,20.950130,-0.665235,-0.357230,-0.300369,0.582777
0.2190,8123,Real,Middle_PIP,-17.636270,1.003284,20.993220,-0.577886,-0.486002,-0.413446,0.508834
0.2190,8123,Real,Middle_DIP,-17.631120,1.007191,21.020170,-0.478162,-0.584389,-0.500327,0.423702
0.2190,8123,Real,Middle_FingerTip,-17.636310,1.011008,21.047730,-0.478162,-0.584389,-0.500327,0.423702
0.2190,8123,Real,Ring_MCP,-17.669900,0.972468,20.952030,-0.688304,-0.340869,-0.293991,0.568872
0.2190,8123,Real,Ring_PIP,-17.642230,0.978739,20.988910,-0.617335,-0.457003,-0.389782,0.508051
0.2190,8123,Real,Ring_DIP,-17.634900,0.983170,21.013830,-0.536813,-0.549351,-0.465608,0.439609
0.2190,8123,Real,Ring_FingerTip,-17.635850,0.987825,21.039180,-0.536813,-0.549351,-0.465608,0.439609
0.2190,8123,Real,Pinky_MCP,-17.678110,0.951661,20.951610,-0.699053,-0.338154,-0.296917,0.555714
0.2190,8123,Real,Pinky_PIP,-17.654690,0.957283,20.982750,-0.628394,-0.456228,-0.390339,0.494583
0.2190,8123,Real,Pinky_DIP,-17.649570,0.960718,21.000030,-0.547854,-0.550344,-0.464016,0.426223
0.2190,8123,Real,Pinky_FingerTip,-17.650260,0.964693,21.018760,-0.547854,-0.550344,-0.464016,0.426223
0.2190,8123,Virtual,Wrist,-17.735530,0.991868,20.876010,-0.709324,-0.246107,-0.206355,0.627462
0.2190,8123,Virtual,Thumb_CMC,-17.710460,1.025834,20.897420,-0.235552,-0.505416,0.326854,0.763045
0.2190,8123,Virtual,Thumb_MCP,-17.698370,1.058192,20.924530,-0.168024,-0.531694,0.225147,0.798986
0.2190,8123,Virtual,Thumb_IP,-17.682030,1.084593,20.962480,-0.040121,-0.556166,0.033690,0.829419
0.2190,8123,Virtual,Thumb_FingerTip,-17.671230,1.087457,20.988700,-0.040121,-0.556166,0.033690,0.829419
0.2190,8123,Virtual,Index_MCP,-17.652040,1.034408,20.941920,-0.652466,-0.321543,-0.260048,0.635038
0.2190,8123,Virtual,Index_PIP,-17.621230,1.038590,20.976930,-0.589492,-0.426147,-0.362603,0.582595
0.2190,8123,Virtual,Index_DIP,-17.611530,1.040665,21.000920,-0.518554,-0.510102,-0.446244,0.521310
0.2190,8123,Virtual,Index_FingerTip,-17.609340,1.042380,21.027670,-0.518554,-0.510102,-0.446244,0.521310
0.2190,8123,Virtual,Middle_MCP,-17.649570,1.007158,20.943870,-0.669114,-0.340582,-0.290032,0.593441
0.2190,8123,Virtual,Middle_PIP,-17.617900,1.013048,20.985710,-0.585095,-0.470502,-0.405515,0.521391
0.2190,8123,Virtual,Middle_DIP,-17.611570,1.016589,21.012470,-0.488111,-0.570488,-0.494852,0.437508
0.2190,8123,Virtual,Middle_FingerTip,-17.615550,1.020095,21.040260,-0.488111,-0.570488,-0.494852,0.437508
0.2190,8123,Virtual,Ring_MCP,-17.653490,0.982956,20.945650,-0.692072,-0.324489,-0.283014,0.579350
0.2190,8123,Virtual,Ring_PIP,-17.624210,0.988597,20.981370,-0.623935,-0.441546,-0.380826,0.520303
0.2190,8123,Virtual,Ring_DIP,-17.615780,0.992672,21.005990,-0.545787,-0.535139,-0.458714,0.453128
0.2190,8123,Virtual,Ring_FingerTip,-17.615610,0.997018,21.031420,-0.545787,-0.535139,-0.458714,0.453128
0.2190,8123,Virtual,Pinky_MCP,-17.661840,0.962208,20.945330,-0.702954,-0.322006,-0.285648,0.566193
0.2190,8123,Virtual,Pinky_PIP,-17.637060,0.967296,20.975500,-0.635083,-0.441022,-0.381097,0.506887
0.2190,8123,Virtual,Pinky_DIP,-17.631180,0.970485,20.992580,-0.556877,-0.536395,-0.456848,0.439840
0.2190,8123,Virtual,Pinky_FingerTip,-17.631050,0.974231,21.011360,-0.556877,-0.536395,-0.456848,0.439840
0.2190,8123,Render,Wrist,-17.735530,0.991868,20.876010,-0.709324,-0.246107,-0.206355,0.627462
0.2190,8123,Render,Thumb_CMC,-17.710460,1.025834,20.897420,-0.236020,-0.504866,0.327131,0.763145
0.2190,8123,Render,Thumb_MCP,-17.698340,1.058223,20.924480,-0.168218,-0.531317,0.224895,0.799267
0.2190,8123,Render,Thumb_IP,-17.681950,1.084614,20.962420,-0.039754,-0.555891,0.032421,0.829671
0.2190,8123,Render,Thumb_FingerTip,-17.671120,1.087407,20.988630,-0.039754,-0.555891,0.032421,0.829671
0.2190,8123,Render,Index_MCP,-17.652040,1.034408,20.941920,-0.653160,-0.320132,-0.258675,0.635599
0.2190,8123,Render,Index_PIP,-17.621080,1.038593,20.976800,-0.590260,-0.425082,-0.361551,0.583249
0.2190,8123,Render,Index_DIP,-17.611290,1.040671,21.000740,-0.519311,-0.509331,-0.445470,0.521972
0.2190,8123,Render,Index_FingerTip,-17.609020,1.042392,21.027490,-0.519311,-0.509331,-0.445470,0.521972
0.2190,8123,Render,Middle_MCP,-17.649570,1.007158,20.943870,-0.669268,-0.340278,-0.289763,0.593573
0.2190,8123,Render,Middle_PIP,-17.617860,1.013045,20.985690,-0.584931,-0.470706,-0.405697,0.521250
0.2190,8123,Render,Middle_DIP,-17.611550,1.016586,21.012440,-0.487499,-0.571011,-0.495320,0.436977
0.2190,8123,Render,Middle_FingerTip,-17.615590,1.020091,21.040230,-0.487499,-0.571011,-0.495320,0.436977
0.2190,8123,Render,Ring_MCP,-17.653490,0.982956,20.945650,-0.692198,-0.324220,-0.282789,0.579460
0.2190,8123,Render,Ring_PIP,-17.624180,0.988593,20.981350,-0.623851,-0.441665,-0.380925,0.520230
0.2190,8123,Render,Ring_DIP,-17.615760,0.992669,21.005980,-0.545405,-0.535528,-0.459037,0.452801
0.2190,8123,Render,Ring_FingerTip,-17.615630,0.997015,21.031410,-0.545405,-0.535528,-0.459037,0.452801
0.2190,8123,Render,Pinky_MCP,-17.661840,0.962208,20.945330,-0.703079,-0.321732,-0.285428,0.566304
0.2190,8123,Render,Pinky_PIP,-17.637040,0.967292,20.975480,-0.634999,-0.441143,-0.381193,0.506815
0.2190,8123,Render,Pinky_DIP,-17.631170,0.970481,20.992560,-0.556494,-0.536791,-0.457161,0.439515
0.2190,8123,Render,Pinky_FingerTip,-17.631060,0.974228,21.011350,-0.556494,-0.536791,-0.457161,0.439515
0.2329,8124,Real,Wrist,-17.753860,0.979990,20.879260,-0.705616,-0.271614,-0.224042,0.614929
0.2329,8124,Real,Thumb_CMC,-17.730590,1.014541,20.901730,-0.249018,-0.528348,0.326452,0.743147
0.2329,8124,Real,Thumb_MCP,-17.720550,1.047402,20.929080,-0.178957,-0.556000,0.228107,0.778978
0.2329,8124,Real,Thumb_IP,-17.706940,1.074583,20.967540,-0.046164,-0.582263,0.042665,0.810567
0.2329,8124,Real,Thumb_FingerTip,-17.697870,1.078086,20.994340,-0.046164,-0.582263,0.042665,0.810567
0.2329,8124,Real,Index_MCP,-17.675260,1.024413,20.949770,-0.645870,-0.348903,-0.276748,0.620104
0.2329,8124,Real,Index_PIP,-17.647010,1.029445,20.986780,-0.578735,-0.451606,-0.376168,0.565346
0.2329,8124,Real,Index_DIP,-17.638990,1.031973,21.011330,-0.504426,-0.533326,-0.456733,0.502507
0.2329,8124,Real,Index_FingerTip,-17.638610,1.034099,21.038150,-0.504426,-0.533326,-0.456733,0.502507
0.2329,8124,Real,Middle_MCP,-17.672650,0.997224,20.952300,-0.661736,-0.365751,-0.306200,0.578424
0.2329,8124,Real,Middle_PIP,-17.643870,1.004080,20.996050,-0.573145,-0.493125,-0.417823,0.503743
0.2329,8124,Real,Middle_DIP,-17.639310,1.008080,21.023090,-0.472650,-0.590144,-0.503359,0.418285
0.2329,8124,Real,Middle_FingerTip,-17.645060,1.011951,21.050530,-0.472650,-0.590144,-0.503359,0.418285
0.2329,8124,Real,Ring_MCP,-17.676420,0.973008,20.954190,-0.685007,-0.349084,-0.299942,0.564749
0.2329,8124,Real,Ring_PIP,-17.649600,0.979498,20.991660,-0.613081,-0.463924,-0.394433,0.503319
0.2329,8124,Real,Ring_DIP,-17.642800,0.984024,21.016700,-0.531989,-0.555051,-0.469074,0.434599
0.2329,8124,Real,Ring_FingerTip,-17.644250,0.988742,21.042030,-0.531989,-0.555051,-0.469074,0.434599
0.2329,8124,Real,Pinky_MCP,-17.684530,0.952165,20.953650,-0.695712,-0.346257,-0.303012,0.551612
0.2329,8124,Real,Pinky_PIP,-17.661830,0.957973,20.985290,-0.624117,-0.463020,-0.395148,0.489846
0.2329,8124,Real,Pinky_DIP,-17.657080,0.961474,21.002660,-0.543028,-0.555904,-0.467650,0.421183
0.2329,8124,Real,Pinky_FingerTip,-17.658140,0.965493,21.021360,-0.543028,-0.555904,-0.467650,0.421183
0.2329,8124,Virtual,Wrist,-17.744300,0.991797,20.877800,-0.707753,-0.263129,-0.218050,0.618308
0.2329,8124,Virtual,Thumb_CMC,-17.720400,1.026188,20.899850,-0.245587,-0.520167,0.326843,0.749858
0.2329,8124,Virtual,Thumb_MCP,-17.709640,1.058930,20.927060,-0.176608,-0.547446,0.227630,0.785683
0.2329,8124,Virtual,Thumb_IP,-17.695080,1.085949,20.965290,-0.045847,-0.573398,0.040658,0.816982
0.2329,8124,Virtual,Thumb_FingerTip,-17.685410,1.089341,20.991880,-0.045847,-0.573398,0.040658,0.816982
0.2329,8124,Virtual,Index_MCP,-17.664010,1.035694,20.946700,-0.648739,-0.340414,-0.271515,0.624128
0.2329,8124,Virtual,Index_PIP,-17.634940,1.040506,20.983100,-0.582977,-0.443713,-0.371678,0.570186
0.2329,8124,Virtual,Index_DIP,-17.626370,1.042933,21.007480,-0.509804,-0.526159,-0.453020,0.507966
0.2329,8124,Virtual,Index_FingerTip,-17.625400,1.044984,21.034280,-0.509804,-0.526159,-0.453020,0.507966
0.2329,8124,Virtual,Middle_MCP,-17.661450,1.008488,20.949100,-0.665015,-0.357639,-0.300727,0.582592
0.2329,8124,Virtual,Middle_PIP,-17.631710,1.015103,20.992230,-0.578011,-0.485853,-0.413315,0.508940
0.2329,8124,Virtual,Middle_DIP,-17.626540,1.019010,21.019180,-0.478771,-0.583891,-0.499885,0.424223
0.2329,8124,Virtual,Middle_FingerTip,-17.631680,1.022829,21.046750,-0.478771,-0.583891,-0.499885,0.424223
0.2329,8124,Virtual,Ring_MCP,-17.665290,0.984283,20.951010,-0.688199,-0.341081,-0.294166,0.568782
0.2329,8124,Virtual,Ring_PIP,-17.637640,0.990558,20.987910,-0.617629,-0.456605,-0.389454,0.508303
0.2329,8124,Virtual,Ring_DIP,-17.630270,0.994986,21.012810,-0.537637,-0.548544,-0.464947,0.440308
0.2329,8124,Virtual,Ring_FingerTip,-17.631160,0.999640,21.038170,-0.537637,-0.548544,-0.464947,0.440308
0.2329,8124,Virtual,Pinky_MCP,-17.673500,0.963476,20.950590,-0.698949,-0.338369,-0.297088,0.555623
0.2329,8124,Virtual,Pinky_PIP,-17.650090,0.969101,20.981750,-0.628688,-0.455823,-0.390020,0.494835
0.2329,8124,Virtual,Pinky_DIP,-17.644950,0.972535,20.999020,-0.548681,-0.549520,-0.463375,0.426920
0.2329,8124,Virtual,Pinky_FingerTip,-17.645590,0.976508,21.017750,-0.548681,-0.549520,-0.463375,0.426920
0.2329,8124,Render,Wrist,-17.744300,0.991797,20.877800,-0.707753,-0.263129,-0.218050,0.618308
0.2329,8124,Render,Thumb_CMC,-17.720400,1.026188,20.899850,-0.245589,-0.520487,0.327265,0.749452
0.2329,8124,Render,Thumb_MCP,-17.709690,1.058953,20.927050,-0.176022,-0.547939,0.227317,0.785561
0.2329,8124,Render,Thumb_IP,-17.695170,1.085922,20.965340,-0.044132,-0.573823,0.038914,0.816863
0.2329,8124,Render,Thumb_FingerTip,-17.685520,1.089178,20.991960,-0.044132,-0.573823,0.038914,0.816863
0.2329,8124,Render,Index_MCP,-17.664010,1.035694,20.946700,-0.649555,-0.338855,-0.270016,0.624778
0.2329,8124,Render,Index_PIP,-17.634760,1.040509,20.982960,-0.583726,-0.442728,-0.370714,0.570813
0.2329,8124,Render,Index_DIP,-17.626120,1.042939,21.007310,-0.510356,-0.525624,-0.452487,0.508440
0.2329,8124,Render,Index_FingerTip,-17.625090,1.044994,21.034110,-0.510356,-0.525624,-0.452487,0.508440
0.2329,8124,Render,Middle_MCP,-17.661450,1.008488,20.949100,-0.665235,-0.357230,-0.300369,0.582777
0.2329,8124,Render,Middle_PIP,-17.631650,1.015098,20.992190,-0.577886,-0.486002,-0.413446,0.508834
0.2329,8124,Render,Middle_DIP,-17.626500,1.019006,21.019150,-0.478162,-0.584390,-0.500327,0.423702
0.2329,8124,Render,Middle_FingerTip,-17.631700,1.022823,21.046710,-0.478162,-0.584390,-0.500327,0.423702
0.2329,8124,Render,Ring_MCP,-17.665290,0.984283,20.951010,-0.688304,-0.340869,-0.293991,0.568872
0.2329,8124,Render,Ring_PIP,-17.637610,0.990554,20.987890,-0.617335,-0.457004,-0.389782,0.508052
0.2329,8124,Render,Ring_DIP,-17.630280,0.994985,21.012800,-0.536813,-0.549351,-0.465607,0.439609
0.2329,8124,Render,Ring_FingerTip,-17.631240,0.999640,21.038160,-0.536813,-0.549351,-0.465607,0.439609
0.2329,8124,Render,Pinky_MCP,-17.673500,0.963476,20.950590,-0.699053,-0.338154,-0.296917,0.555714
0.2329,8124,Render,Pinky_PIP,-17.650070,0.969098,20.981730,-0.628394,-0.456228,-0.390339,0.494583
0.2329,8124,Render,Pinky_DIP,-17.644960,0.972533,20.999010,-0.547854,-0.550344,-0.464016,0.426223
0.2329,8124,Render,Pinky_FingerTip,-17.645650,0.976508,21.017740,-0.547854,-0.550344,-0.464016,0.426223
